Theme,Tone
conflict,-3.691025462130272
eco,-3.6081486610448428
env,-3.726541547377962
health,-3.5618428786828757
social,-3.682117868566759
