Theme,Tone
conflict,-3.160181511225748
eco,-3.095520214660443
env,-3.1637307849217033
health,-3.08551481368109
social,-3.1954070763653437
