Theme,Tone
conflict,-3.032445293985115
eco,-3.105215380525303
env,-2.9806129510953276
health,-3.0313561144205683
social,-2.9994237126124137
