Theme,Tone
conflict,-3.0069455031856287
eco,-3.014871056607219
env,-2.8400995584957807
health,-2.9890104722938418
social,-2.9716478132347923
