Theme,Tone
conflict,-2.1134820849484224
eco,-2.1324380701465073
env,-2.128381785199627
health,-2.0875404245502325
social,-2.0971588480880983
