Theme,Tone
conflict,-2.5443497133708015
eco,-2.5476802818702984
env,-2.597781698874383
health,-2.530620527250015
social,-2.529296366242498
