Theme,Tone
conflict,-3.275521915366516
eco,-3.4345386147538624
env,-3.262757023673027
health,-3.3375715541730613
social,-3.333290032648349
