Theme,Tone
conflict,-2.5543402358612695
eco,-2.5595081298020754
env,-2.85218668259781
health,-2.672137281225032
social,-2.6536524132801502
