Theme,Tone
conflict,-1.6995151371387085
eco,-1.70305885220815
env,-1.6942383538608148
health,-1.7012970355897234
social,-1.695072392232519
