Theme,Tone
conflict,-3.5342851396900232
eco,-3.5428606329648886
env,-3.478310457458153
health,-3.544585674987804
social,-3.548731806712387
