Theme,Tone
conflict,-3.3650390230958425
eco,-3.335703651249806
env,-3.3998570961360683
health,-3.3762679865605016
social,-3.3544942065364904
