Theme,Tone
conflict,-2.190652718637709
eco,-2.0991343643246405
env,-2.051728584406721
health,-2.1751616802720606
social,-2.0726396336982513
