Theme,Tone
conflict,-3.0619180742271412
eco,-3.0939485107640228
env,-3.062966701407655
health,-3.0554792917423907
social,-3.0454671813654337
