Theme,Tone
conflict,-3.970291381282282
eco,-3.9552242895997716
env,-3.9825030016581744
health,-3.9438850761591193
social,-3.951824482563542
