Theme,Tone
conflict,-2.222388244032516
eco,-2.297815058658682
env,-2.255903405293621
health,-2.292189087586608
social,-2.217352184859204
