Theme,Tone
conflict,-2.243562085680848
eco,-2.528536084761343
env,-2.1634840838973006
health,-2.1916431935681158
social,-2.2740067569325113
