Theme,Tone
conflict,-2.678084782193298
eco,-2.7532669841304203
env,-2.7244347611618007
health,-2.7148547169003265
social,-2.677861325648442
