Theme,Tone
conflict,-3.01918393397751
eco,-2.960387190014621
env,-3.0558315170753114
health,-3.0344956106605454
social,-2.97861493672143
