Theme,Tone
conflict,-3.0597403575590474
eco,-3.0555138603912333
env,-3.1806218102772745
health,-3.0925774859910486
social,-3.0696481495868184
