Theme,Tone
conflict,-3.3227436499619643
eco,-3.1673330067400576
env,-3.3559978582862726
health,-3.2969053512903552
social,-3.288368150181232
