Theme,Tone
conflict,-3.8915461465335848
eco,-3.8985091916977166
env,-3.7530049522145306
health,-3.853036802271285
social,-3.8807167654688284
