Theme,Tone
conflict,-3.326238237934835
eco,-3.347548629134693
env,-3.3115495131464883
health,-3.305826217019506
social,-3.1846772685700855
