Theme,Tone
conflict,-3.767872998906882
eco,-3.9701415728085276
env,-3.842789126377544
health,-3.891439985970561
social,-3.892422864322396
