Theme,Tone
conflict,-3.1731084482645793
eco,-3.091427912510104
env,-2.981535404250637
health,-3.210654109248703
social,-3.092328645264852
