Theme,Tone
conflict,-2.9624712371175397
eco,-2.7694627713527518
env,-2.815730012012457
health,-2.832858566838811
social,-2.930669144029324
