Theme,Tone
conflict,-3.0416095700712957
eco,-3.0731033441632873
env,-3.1234391844408016
health,-3.048206456300051
social,-3.0158407831430836
