Theme,Tone
conflict,-2.5562474278436684
eco,-2.4939947506165545
env,-2.6206574881102718
health,-2.581428656220082
social,-2.5399884360090432
