Theme,Tone
conflict,-0.18230246500674585
eco,0.08412760941729286
env,0.16431393455912802
health,0.019123787510532436
social,-0.20688941195099061
