Theme,Tone
conflict,-3.1928809992217255
eco,-3.1344890015264077
env,-3.1985043268338544
health,-3.1640111326436493
social,-3.158403454406215
