Theme,Tone
conflict,-3.2254455568330873
eco,-3.2006801011887775
env,-3.280542015259046
health,-3.1701780271591593
social,-3.214670400925632
