Theme,Tone
conflict,-2.1487920895325443
eco,-2.029662392809506
env,-1.675986641684576
health,-1.9910093916543077
social,-1.863125443093202
