Theme,Tone
conflict,-2.9545825301272726
eco,-2.9938888050885355
env,-2.9671925077462964
health,-2.949218171458411
social,-2.919543971702948
