Theme,Tone
conflict,-3.2892731772810357
eco,-3.372402395021135
env,-3.351050895049934
health,-3.2376043836822825
social,-3.202527278327422
