Theme,Tone
conflict,-2.1571797283137384
eco,-2.154701147668702
env,-2.2896424428702717
health,-2.12667661108724
social,-2.128863382155762
