Theme,Tone
conflict,-3.3159016270333095
eco,-3.3410756273489874
env,-3.3496580669621454
health,-3.307831509796904
social,-3.3101089637611976
