Theme,Tone
conflict,-0.2707174920065034
eco,-0.4371536589071025
env,-0.398446320742549
health,-0.3730720833565762
social,-0.26804875060372074
