Theme,Tone
conflict,-3.1264683195988736
eco,-3.144812316712442
env,-3.0954996274223743
health,-3.1194224679584917
social,-3.1252105010705424
