Theme,Tone
conflict,-2.7165379461514485
eco,-2.7341781099757365
env,-2.8092070673176877
health,-2.738695193487727
social,-2.7337810604644237
