Theme,Tone
conflict,-4.401175548469813
eco,-4.408342736461709
env,-4.3956313985792175
health,-4.402981426586962
social,-4.3921191473244905
