Theme,Tone
conflict,-3.1598429824016407
eco,-3.1695288133141686
env,-3.1849796069132146
health,-3.164355680949125
social,-3.16823506543855
