Theme,Tone
conflict,-3.437579713510227
eco,-3.4698498786168814
env,-3.417772340987732
health,-3.4206895472691308
social,-3.4588681568231148
