Theme,Tone
conflict,-2.902178607250036
eco,-2.892351194502711
env,-2.8891964332417333
health,-2.90538397134496
social,-2.8955501409407276
