Theme,Tone
conflict,-3.4213952688422404
eco,-3.3147981263994883
env,-3.4969561786515766
health,-3.3915967282195236
social,-3.4178688320763686
