Theme,Tone
conflict,-3.0662754506558767
eco,-3.0561513060165164
env,-3.0101573835456095
health,-3.0031149974535882
social,-3.079658799022641
