Theme,Tone
conflict,-4.002984025559807
eco,-3.9294179382801127
env,-4.056379316755253
health,-3.991737242989741
social,-3.962254096337471
