Theme,Tone
conflict,-2.9118027535442614
eco,-2.900738903483152
env,-2.917743076192552
health,-2.909492930331061
social,-2.9038581348452808
