Theme,Tone
conflict,-3.2868127765102435
eco,-3.2124795442621936
env,-3.238191197131208
health,-3.2734132991560414
social,-3.270266442826986
