Theme,Tone
conflict,-3.182400954393832
eco,-3.1970783254605624
env,-3.1791448343505437
health,-3.18252599853143
social,-3.163328801871426
