Theme,Tone
conflict,-3.0896074416041315
eco,-3.0849906429456886
env,-3.2133480605338884
health,-3.142451347175989
social,-3.1286019155274016
