Theme,Tone
conflict,-1.514213199108442
eco,-1.4098485289460405
env,-1.5780712768902536
health,-1.596025386366247
social,-1.460671828867964
