Theme,Tone
conflict,-2.8159024816368228
eco,-2.8442046921980007
env,-2.837423946812605
health,-2.810622786494935
social,-2.8160293656095785
