Theme,Tone
conflict,-2.692765352242836
eco,-2.5374385271854645
env,-2.6606280913103837
health,-2.7420397411992883
social,-2.728988212849473
