Theme,Tone
conflict,-2.460167528193583
eco,-2.5178205596450063
env,-2.4733785452253865
health,-2.46026087961881
social,-2.4797712070668294
