Theme,Tone
conflict,-3.450653664620571
eco,-3.3296942046912004
env,-3.3069083948320377
health,-3.5903671875960357
social,-3.4575994826150116
