Theme,Tone
conflict,-3.005440345728767
eco,-3.120921204704869
env,-3.0688664806760584
health,-3.062532257001008
social,-2.989269611828595
