Theme,Tone
conflict,-3.849861280854575
eco,-3.6077059251915444
env,-3.76214049319552
health,-3.782546092589284
social,-3.8512208592570945
