Theme,Tone
conflict,-1.5246781596406904
eco,-1.6005092776799947
env,-1.5452236442170517
health,-1.3470924493294376
social,-1.4981175262363435
