Theme,Tone
conflict,-3.3290760037391878
eco,-3.3253098927104645
env,-3.2976330416334028
health,-3.3419757117195537
social,-3.3335610586690816
