Theme,Tone
conflict,-3.573563090730769
eco,-3.731648214098971
env,-3.691950224413496
health,-3.57715948499327
social,-3.5293881443630073
