Theme,Tone
conflict,-3.5423970868241805
eco,-3.323321078669828
env,-3.4663243668672807
health,-3.6314049959130146
social,-3.4513922279914224
