Theme,Tone
conflict,-3.2554247618504966
eco,-3.191714194771035
env,-3.236664100875783
health,-3.172143115041206
social,-3.3860169017668738
