Theme,Tone
conflict,-1.4552465462948967
eco,-1.4603110955572263
env,-1.5329065249677134
health,-1.3289711553516865
social,-1.499593911810921
