Theme,Tone
conflict,-3.2382421267293333
eco,-3.0784325695740775
env,-3.1106474624028957
health,-3.1589318961185504
social,-3.158950407257168
