Theme,Tone
conflict,-2.9964799357540137
eco,-3.0725291288896277
env,-3.2139691106433945
health,-2.95935023435931
social,-3.030024496913584
