Theme,Tone
conflict,-1.6817322091417108
eco,-1.6976584631451177
env,-1.6532190526503936
health,-1.7136611626626523
social,-1.6779366461135299
