Theme,Tone
conflict,-3.6860686839630596
eco,-3.632349542089504
env,-3.7078271708368455
health,-3.6789710806411406
social,-3.704051429021797
