Theme,Tone
conflict,-1.7173193231502906
eco,-1.7587656985158022
env,-1.7788929851491182
health,-1.7427394416977586
social,-1.721772023908327
