Theme,Tone
conflict,-3.595935181573775
eco,-3.624534321862458
env,-3.615321810912282
health,-3.5633229699718916
social,-3.640635874514185
