Theme,Tone
conflict,-1.8368967915323866
eco,-1.6267954045685826
env,-1.570745047213329
health,-1.791790599640411
social,-1.7025591157230648
