Theme,Tone
conflict,-3.6415583399351115
eco,-3.562020155943
env,-3.6657834844553823
health,-3.677925161210819
social,-3.6550806153654696
