Theme,Tone
conflict,-2.427165122165526
eco,-2.3143367827024464
env,-2.5413041301733097
health,-2.330050536351911
social,-2.4324421787630603
