Theme,Tone
conflict,-2.7035358436467622
eco,-2.74597456060304
env,-2.6905314876451385
health,-2.722226473973915
social,-2.692649842602597
