Theme,Tone
conflict,-3.519663405076977
eco,-3.5285041428412662
env,-3.5418248895777915
health,-3.5182318895757936
social,-3.5356439042579124
