Theme,Tone
conflict,-1.2259493781035613
eco,-1.2517783745562596
env,-1.2293254264002236
health,-1.3172471090112112
social,-1.1897449121053394
