Theme,Tone
conflict,-3.47462917511175
eco,-3.316285239414571
env,-3.4841539032807347
health,-3.5139823579300082
social,-3.3695297511713913
