Theme,Tone
conflict,-3.715626929555768
eco,-3.5936078347091307
env,-3.798585467740054
health,-3.7970824228191846
social,-3.724474890363152
