Theme,Tone
conflict,-2.8139406958360382
eco,-2.7068666450913654
env,-2.799805060815015
health,-2.800782812761365
social,-2.8250670754495304
