Theme,Tone
conflict,-2.6705228951678843
eco,-3.1405120879146415
env,-3.5769144677951576
health,-2.7097069739871404
social,-2.8307644254902216
