Theme,Tone
conflict,-2.313102074118569
eco,-2.294680501213928
env,-2.308498057999667
health,-2.301129356342639
social,-2.307513621840572
