Theme,Tone
conflict,-3.989265934577578
eco,-4.035164434057086
env,-3.978006141772379
health,-3.972123648062064
social,-3.9291136723248106
