Theme,Tone
conflict,-2.929120543071797
eco,-2.89965193247968
env,-2.9526278362565854
health,-2.8803575816836595
social,-2.9298726649949374
