Theme,Tone
conflict,-3.65984009068903
eco,-3.67983568010391
env,-3.6922138145365007
health,-3.7179621206005207
social,-3.6167829265063256
