Theme,Tone
conflict,-1.5230320949302878
eco,-1.6098562228869864
env,-1.7372024752495652
health,-1.5725774229694116
social,-1.389005944396228
