Theme,Tone
conflict,-3.3126718966260666
eco,-3.194152756109558
env,-3.1774694689580785
health,-3.237640370104317
social,-3.245027579447335
