Theme,Tone
conflict,-4.058060232692441
eco,-4.064105767583432
env,-4.078749609099085
health,-4.0664933787572854
social,-4.064233410771622
