Theme,Tone
conflict,-3.272796230615055
eco,-3.183784444076199
env,-3.077989991512417
health,-3.405669485734566
social,-3.294868278419155
