Theme,Tone
conflict,-3.067549943949437
eco,-3.06757656707699
env,-3.0440663510437767
health,-3.0892417914638868
social,-3.0511160176511907
