Theme,Tone
conflict,-1.8876383830068888
eco,-2.4434737875020107
env,-2.1868569438693095
health,-2.106666968454093
social,-2.2175915902325682
