Theme,Tone
conflict,-3.1460991424747164
eco,-3.0848649418253316
env,-3.065175313295158
health,-3.1666622782694644
social,-3.097847627484325
