Theme,Tone
conflict,-3.286029954836358
eco,-3.4423737486789894
env,-3.1638750961320565
health,-3.3017888820586445
social,-3.3794557476108578
