Theme,Tone
conflict,-1.6254634679460247
eco,-1.9166457907218395
env,-1.6745986986550743
health,-1.586894504040592
social,-1.709355560472182
