Theme,Tone
conflict,-3.8582289650573487
eco,-3.9278368950172946
env,-3.8760639078841077
health,-3.8317795244168074
social,-3.882733966278011
