Theme,Tone
conflict,-2.936468461166981
eco,-2.976353236482132
env,-2.951912313694971
health,-2.9649208703694487
social,-2.9527828757297074
