Theme,Tone
conflict,-2.7272567467740076
eco,-2.6423172929023804
env,-2.7686204417480327
health,-2.726093348299337
social,-2.7445305104813262
