Theme,Tone
conflict,-2.7458878490749865
eco,-2.8289215356948505
env,-2.599311673746033
health,-2.6771988739574586
social,-2.8082124847049545
