Theme,Tone
conflict,-2.7058541553507727
eco,-2.745721757270603
env,-2.6594101880461087
health,-2.6981829960078523
social,-2.634524467703947
