Theme,Tone
conflict,-2.9454970759575168
eco,-2.910077852633878
env,-2.9660330404541435
health,-2.9211484090692177
social,-2.9052141597136316
