Theme,Tone
conflict,1.552697600430455
eco,1.5590811162986329
env,1.4787020133833617
health,1.4375715313298143
social,1.3572887062734047
