Theme,Tone
conflict,-2.8339280119261363
eco,-2.916665081114177
env,-2.853660870763538
health,-2.789036441543742
social,-2.8037221042137532
