Theme,Tone
conflict,-2.531045906413962
eco,-2.586968723393047
env,-2.5509486591162993
health,-2.5512702871224837
social,-2.58480512955193
