Theme,Tone
conflict,-1.0411033978091255
eco,-0.9946975243883626
env,-1.1219959228875926
health,-1.0547753272776494
social,-1.0176243865963743
