Theme,Tone
conflict,-3.6913110423128965
eco,-3.6493806984901798
env,-3.6818852292444295
health,-3.6936836583322536
social,-3.6878235141126754
