Theme,Tone
conflict,-2.6341212538313328
eco,-2.551351788284847
env,-2.6735980955918572
health,-2.5758892531085626
social,-2.478278003974436
