Theme,Tone
conflict,-3.2835590372105976
eco,-3.293396007014127
env,-3.302835433467092
health,-3.2880317915130854
social,-3.3100819368113914
