Theme,Tone
conflict,-3.801953552139793
eco,-3.83965675899046
env,-3.7690045579461406
health,-3.7991849750854776
social,-3.8246009506452667
