Theme,Tone
conflict,-2.99292599345975
eco,-3.120952086533268
env,-2.9925136244218846
health,-2.9274000103574416
social,-3.0428670901377095
