Theme,Tone
conflict,-1.835141990862104
eco,-1.870797001711623
env,-1.8825533739473097
health,-1.877078938986526
social,-1.8115316371235723
