Theme,Tone
conflict,-0.511264644439531
eco,-0.5695533838349397
env,-0.6691553310935088
health,-0.5359480680668626
social,-0.5211398631418953
