Theme,Tone
conflict,-2.5631228830277046
eco,-2.542653994406485
env,-2.546523785902957
health,-2.547498690598527
social,-2.555684156679914
