Theme,Tone
conflict,-2.2748902998189333
eco,-2.261475327064316
env,-2.334051561180767
health,-2.2743368597169695
social,-2.2874846502413786
