Theme,count,avg_tone
conflict,6040.0,-3.6211253029746038
eco,2004.0,-3.5608233419315365
env,1635.0,-3.603897220952416
health,3076.0,-3.659522288316538
social,3932.0,-3.621058471553437
