Theme,count,avg_tone
conflict,5172.0,-3.03988826652723
eco,1703.0,-3.049154524532787
env,1422.0,-3.06536097333434
health,2592.0,-3.0882062627765032
social,3423.0,-3.114715524114544
