Theme,count,avg_tone
conflict,1291.0,-0.2078159451589101
eco,435.0,-0.21439503118346712
env,343.0,-0.24378243558868165
health,630.0,-0.2809526206575101
social,878.0,-0.1653012566426789
