Theme,count,avg_tone
conflict,10215.0,-3.6091370217599708
eco,3442.0,-3.6113268938393914
env,2759.0,-3.694608186875054
health,5202.0,-3.585676486206336
social,6828.0,-3.5970914347062286
