Theme,count,avg_tone
conflict,4287.0,-2.7661436223368185
eco,1436.0,-2.6560432526052185
env,1156.0,-2.8168308937466424
health,2160.0,-2.8235461035155742
social,2855.0,-2.745055812716785
