Theme,count,avg_tone
conflict,7686.0,-3.24620318281406
eco,2613.0,-3.263748534359139
env,2060.0,-3.1460431295466242
health,3918.0,-3.2380215479771977
social,5130.0,-3.1707527709770784
