Theme,count,avg_tone
conflict,13264.0,-2.4837416823241063
eco,4491.0,-2.424501865664664
env,3447.0,-2.5548142762366783
health,6785.0,-2.4488863906294127
social,8979.0,-2.5092113083594922
