Theme,count,avg_tone
conflict,46.0,1.552697600430455
eco,13.0,1.5590811162986329
env,16.0,1.4787020133833617
health,32.0,1.4375715313298143
social,33.0,1.3572887062734047
