Theme,count,avg_tone
conflict,2824.0,-3.4746838024183138
eco,955.0,-3.415498851931956
env,790.0,-3.4670456522147144
health,1500.0,-3.417949431554726
social,1914.0,-3.477090616218897
