Theme,count,avg_tone
conflict,25166.0,-3.7886079431965625
eco,8424.0,-3.7759680198646697
env,6836.0,-3.7513300787031203
health,12886.0,-3.77492996275946
social,16699.0,-3.7869759885174674
