Theme,count,avg_tone
conflict,696.0,-2.7132462426257913
eco,239.0,-2.5348381695032454
env,180.0,-2.7310004583180265
health,344.0,-2.686886306264718
social,442.0,-2.704145360607187
