Theme,count,avg_tone
conflict,7012.0,-2.921160500045127
eco,2341.0,-2.9028642230750887
env,1812.0,-2.9429233612377725
health,3544.0,-2.9849936680473568
social,4684.0,-2.9557456165743714
