Theme,count,avg_tone
conflict,1801.0,-3.50833831607869
eco,624.0,-3.569341153023266
env,448.0,-3.5732826453259254
health,937.0,-3.600214533188131
social,1239.0,-3.5398256679514337
