Theme,count,avg_tone
conflict,2086.0,-4.308225326775784
eco,677.0,-4.248576038673239
env,596.0,-4.24821028369379
health,1047.0,-4.193892744269251
social,1407.0,-4.23286613287864
