Theme,count,avg_tone
conflict,3660.0,-4.048508008398035
eco,1206.0,-4.0162538710808695
env,970.0,-4.106084748446374
health,1869.0,-4.080618585424884
social,2430.0,-4.105459824733287
