Theme,count,avg_tone
conflict,1746.0,-3.6713336826623144
eco,577.0,-3.7061754894044188
env,478.0,-3.4903347299172682
health,909.0,-3.534797985597036
social,1184.0,-3.4469099543268213
