Theme,count,avg_tone
conflict,9616.0,-2.6920881685744122
eco,3225.0,-2.6026937788927085
env,2619.0,-2.6767981388925017
health,4997.0,-2.72956746447704
social,6419.0,-2.6676599935523866
