Theme,count,avg_tone
conflict,8281.0,-3.6008971841508046
eco,2808.0,-3.6138916723685206
env,2324.0,-3.596461525479881
health,4224.0,-3.566552475421538
social,5516.0,-3.607449026692755
