Theme,count,avg_tone
conflict,1092.0,-3.8245374709351485
eco,356.0,-3.927684765286253
env,263.0,-3.4897964826681616
health,547.0,-3.90325464527875
social,715.0,-3.769917095230856
