Theme,count,avg_tone
conflict,852.0,-3.831082930503051
eco,268.0,-3.5468931364739693
env,236.0,-3.7010911737602883
health,428.0,-3.917742464608312
social,579.0,-3.703420388420573
