Theme,count,avg_tone
conflict,1521.0,-4.4688257102995115
eco,504.0,-4.4288037376014495
env,398.0,-4.43415543644813
health,780.0,-4.6204785087987625
social,1018.0,-4.451711523715051
