Theme,count,avg_tone
conflict,30380.0,-3.12981276771393
eco,10142.0,-3.121075501589386
env,8263.0,-3.1523919479305036
health,15489.0,-3.139938990786201
social,20171.0,-3.132706892474798
