Theme,count,avg_tone
conflict,1048.0,-4.461462136589921
eco,358.0,-4.477251015205014
env,279.0,-4.250994557918471
health,549.0,-4.47672524399545
social,716.0,-4.517845098239093
