Theme,count,avg_tone
conflict,993.0,-4.100249557928928
eco,324.0,-3.9367100332131937
env,243.0,-3.8981653365009152
health,486.0,-4.171820855300375
social,670.0,-3.960924207738647
