Theme,count,avg_tone
conflict,1576.0,-3.936609976229215
eco,489.0,-3.847945946305304
env,415.0,-3.7022008942367255
health,797.0,-3.837108383189289
social,1030.0,-3.95612555642713
