Theme,count,avg_tone
conflict,14583.0,-3.01918393397751
eco,4782.0,-2.960387190014621
env,3886.0,-3.0558315170753114
health,7413.0,-3.0344956106605454
social,9525.0,-2.97861493672143
