Theme,count,avg_tone
conflict,5524.0,-2.933470670469225
eco,1791.0,-2.9751139772526782
env,1541.0,-2.9222568667824693
health,2768.0,-2.890136553511433
social,3690.0,-2.913772833041274
