Theme,count,avg_tone
conflict,10193.0,-2.785213862888372
eco,3332.0,-2.8431153418493578
env,2746.0,-2.683018159511327
health,5245.0,-2.74011925975897
social,6788.0,-2.7839247537563825
