Theme,count,avg_tone
conflict,6999.0,-3.8302443601678133
eco,2351.0,-3.781397639370621
env,1857.0,-3.7424446617868203
health,3591.0,-3.8188273701678406
social,4674.0,-3.810874165904262
