Theme,count,avg_tone
conflict,6397.0,-3.923135410766789
eco,2206.0,-3.9088620313225126
env,1740.0,-3.9662557517531094
health,3293.0,-3.995886123717163
social,4268.0,-3.940523354864809
