Theme,count,avg_tone
conflict,12930.0,-2.909962081709466
eco,4359.0,-2.894842647237927
env,3462.0,-2.978640566275313
health,6740.0,-2.9222530529267523
social,8590.0,-2.899017604108799
