Theme,count,avg_tone
conflict,817.0,-1.8666801367086188
eco,276.0,-1.5529625919998105
env,235.0,-1.7397822567251484
health,444.0,-1.8942169474123955
social,537.0,-1.866693495762949
