Theme,count,avg_tone
conflict,10916.0,-3.0662754506558767
eco,3699.0,-3.0561513060165164
env,2851.0,-3.0101573835456095
health,5515.0,-3.0031149974535882
social,7353.0,-3.079658799022641
