Theme,count,avg_tone
conflict,637.0,-2.427165122165526
eco,185.0,-2.3143367827024464
env,173.0,-2.5413041301733097
health,327.0,-2.330050536351911
social,431.0,-2.4324421787630603
