Theme,count,avg_tone
conflict,19421.0,-3.929144083690636
eco,6573.0,-3.8841987965433433
env,5253.0,-3.9206326789799517
health,10069.0,-3.9263906989636768
social,12974.0,-3.920906525181511
