Theme,count,avg_tone
conflict,25226.0,-3.437579713510227
eco,8534.0,-3.4698498786168814
env,6787.0,-3.417772340987732
health,12691.0,-3.4206895472691308
social,16703.0,-3.4588681568231148
