Theme,count,avg_tone
conflict,13449.0,-3.1309033771015855
eco,4492.0,-3.0776416080382942
env,3592.0,-3.2551098109084333
health,6645.0,-3.141120500689336
social,8979.0,-3.1106406851450052
