Theme,count,avg_tone
conflict,97.0,-1.726970847007528
eco,33.0,-1.3893111214926261
env,29.0,-1.6802440565168746
health,48.0,-1.9301307290498484
social,56.0,-1.5911875185173385
