Theme,count,avg_tone
conflict,12617.0,-2.347627206726331
eco,4270.0,-2.3448569911593578
env,3412.0,-2.3878310741107627
health,6386.0,-2.351289710621672
social,8432.0,-2.3813961416160554
