Theme,count,avg_tone
conflict,337.0,-2.6631662334056023
eco,113.0,-2.415011806589909
env,108.0,-2.578868743555654
health,162.0,-2.507995241648579
social,230.0,-2.4993114316624903
