Theme,count,avg_tone
conflict,2313.0,-3.8599156134905415
eco,732.0,-4.032369413702735
env,602.0,-4.010667756986709
health,1278.0,-3.857171891451821
social,1531.0,-3.853044581940414
