Theme,count,avg_tone
conflict,13956.0,-3.8582289650573487
eco,4727.0,-3.9278368950172946
env,3731.0,-3.8760639078841077
health,7094.0,-3.8317795244168074
social,9272.0,-3.882733966278011
