Theme,Tone
conflict,-2.5835393881432616
eco,-2.6458254569170117
env,-2.5289945284795428
health,-2.58271300070111
social,-2.600187786384656
