Theme,count,avg_tone
conflict,7681,-3.4249142968920157
eco,2532,-3.420475031015806
env,2015,-3.462957480545803
health,3871,-3.436755467117833
social,5080,-3.4431909324201717
