Theme,count,avg_tone
conflict,6411,-2.9394875977250687
eco,2141,-2.9998019815224937
env,1725,-2.9294270444255024
health,3208,-3.008509951929509
social,4198,-2.9203426846826823
