Theme,count,avg_tone
conflict,1448,-1.577239391800098
eco,480,-1.495370009671961
env,391,-1.6583518179245034
health,746,-1.5350451766640878
social,929,-1.5393582986944605
