Theme,count,avg_tone
conflict,16055,-3.0896074416041315
eco,5300,-3.0849906429456886
env,4279,-3.2133480605338884
health,8085,-3.142451347175989
social,10611,-3.1286019155274016
