Theme,count,avg_tone
conflict,6129,-2.242459244087136
eco,2068,-2.285892281438773
env,1614,-2.231977975868673
health,3195,-2.172275753127492
social,4163,-2.205190170814454
