Theme,count,avg_tone
conflict,9750,-2.6466168525754963
eco,3283,-2.586516801846676
env,2595,-2.5436524751358287
health,4981,-2.5753086518991775
social,6422,-2.674332772220007
