Theme,count,avg_tone
conflict,9566,-2.9545825301272726
eco,3105,-2.9938888050885355
env,2567,-2.9671925077462964
health,4861,-2.949218171458411
social,6342,-2.919543971702948
