Theme,count,avg_tone
conflict,15617,-2.2748902998189333
eco,5238,-2.261475327064316
env,4292,-2.334051561180767
health,8023,-2.2743368597169695
social,10547,-2.2874846502413786
