Theme,count,avg_tone
conflict,4010,-2.692765352242836
eco,1379,-2.5374385271854645
env,1121,-2.6606280913103837
health,2088,-2.7420397411992883
social,2652,-2.728988212849473
