Theme,count,avg_tone
conflict,3892,-3.301616604409227
eco,1265,-3.3987184179704677
env,1065,-3.2521578644082796
health,1979,-3.3313615290014567
social,2572,-3.2936516706822254
