Theme,count,avg_tone
conflict,29016,-3.6860686839630596
eco,9699,-3.632349542089504
env,7683,-3.7078271708368455
health,14818,-3.6789710806411406
social,19485,-3.704051429021797
