Theme,count,avg_tone
conflict,598,-2.3270709007653343
eco,206,-2.282797389560665
env,140,-2.3853525767089137
health,321,-2.267039290878042
social,409,-2.319741857646005
