Theme,count,avg_tone
conflict,7322,-2.724511211511475
eco,2483,-2.638224878811157
env,1979,-2.590723272242015
health,3771,-2.7231570875955935
social,4916,-2.724941546048112
