Theme,count,avg_tone
conflict,1893,-2.506555633034089
eco,631,-2.5538512355991667
env,524,-2.404755816628155
health,950,-2.5363414061173115
social,1289,-2.4666181851801148
