Theme,count,avg_tone
conflict,2098,-3.767872998906882
eco,674,-3.9701415728085276
env,572,-3.842789126377544
health,1095,-3.891439985970561
social,1412,-3.892422864322396
