Theme,count,avg_tone
conflict,3316,-3.3126718966260666
eco,1118,-3.194152756109558
env,868,-3.1774694689580785
health,1755,-3.237640370104317
social,2238,-3.245027579447335
