Theme,count,avg_tone
conflict,1927,-3.47462917511175
eco,598,-3.316285239414571
env,506,-3.4841539032807347
health,985,-3.5139823579300082
social,1304,-3.3695297511713913
