Theme,count,avg_tone
conflict,15001,-2.201245238070324
eco,4996,-2.2309856228396865
env,4146,-2.2417293782598495
health,7724,-2.202216464850723
social,9895,-2.21082565851741
