Theme,count,avg_tone
conflict,306,0.44126470446869087
eco,113,0.6147286839927354
env,113,0.6794637483214439
health,151,0.31375179427142974
social,231,0.3201655569590837
