Theme,count,avg_tone
conflict,7404,-2.8339280119261363
eco,2541,-2.916665081114177
env,1949,-2.853660870763538
health,3743,-2.789036441543742
social,4843,-2.8037221042137532
