Theme,count,avg_tone
conflict,35657,-2.880407910294255
eco,12067,-2.882552479054523
env,9560,-2.8690335132002525
health,18094,-2.8846623609464834
social,23583,-2.855337302430027
