Theme,count,avg_tone
conflict,567,-0.8518967982779688
eco,198,-0.8295373696773258
env,173,-1.0895877973632766
health,270,-0.6976192159507164
social,378,-0.9348772003437462
