Theme,count,avg_tone
conflict,1261,-3.691025462130272
eco,394,-3.6081486610448428
env,346,-3.726541547377962
health,611,-3.5618428786828757
social,822,-3.682117868566759
