Theme,count,avg_tone
conflict,1525,-3.0276276659683448
eco,551,-2.895753680298146
env,415,-2.975484733010569
health,796,-2.9527355162476585
social,1056,-3.0067633207785143
