Theme,count,avg_tone
conflict,32674,-2.4693948042604843
eco,11012,-2.4734747682246323
env,8765,-2.476179077950795
health,16729,-2.487007516295494
social,21611,-2.4870594325010176
