Theme,count,avg_tone
conflict,1540,-2.99292599345975
eco,581,-3.120952086533268
env,438,-2.9925136244218846
health,791,-2.9274000103574416
social,1062,-3.0428670901377095
