Theme,count,avg_tone
conflict,1188,-3.512393954809389
eco,394,-3.423103799741367
env,297,-3.7293323338308446
health,595,-3.522318998497334
social,798,-3.605199205719356
