Theme,count,avg_tone
conflict,1141,-3.1431364268398165
eco,369,-2.8961136047649045
env,328,-3.025793066240453
health,583,-3.074246139434735
social,773,-3.1192847246218163
