Theme,count,avg_tone
conflict,1883,-2.573176507199274
eco,621,-2.6054193330255484
env,473,-2.5827613542068324
health,970,-2.5009454784402583
social,1234,-2.6149912107923385
