Theme,count,avg_tone
conflict,6173,-2.4511796952728355
eco,2119,-2.5856350812984377
env,1694,-2.4626752107210916
health,3185,-2.5197449191607597
social,4131,-2.50669864398663
