Theme,count,avg_tone
conflict,14290,-2.2105653167246397
eco,4789,-2.183688727105664
env,3844,-2.1480033181804847
health,7299,-2.2044757311581495
social,9512,-2.1775846851549487
