Theme,count,avg_tone
conflict,9900,-2.605878370018955
eco,3341,-2.5684405362686165
env,2682,-2.577274959172839
health,5046,-2.5989303845304925
social,6498,-2.5783090671354136
