Theme,count,avg_tone
conflict,6806,-2.345106168565456
eco,2254,-2.348201064606341
env,1895,-2.3620511162539444
health,3525,-2.344782648237977
social,4507,-2.297002154679274
