Theme,count,avg_tone
conflict,18682,-3.5876782302323322
eco,6268,-3.5515157688911096
env,5034,-3.4873514882559506
health,9639,-3.5626846405057657
social,12489,-3.599643498098158
