Theme,count,avg_tone
conflict,10173,-3.8345593829300215
eco,3357,-3.9390747203460266
env,2676,-3.8928129639289017
health,5183,-3.7608340479739413
social,6855,-3.8652486618648183
