Theme,count,avg_tone
conflict,23214,-2.504405240851378
eco,7903,-2.519897032847143
env,6110,-2.4717729896894047
health,11752,-2.494771287864349
social,15308,-2.5129775070978835
