Theme,count,avg_tone
conflict,973,-1.0901859346632412
eco,350,-1.0078863296392804
env,257,-1.0447004515811886
health,480,-1.1920977254704381
social,639,-1.0941664760594982
