Theme,count,avg_tone
conflict,661,-2.7211222082465567
eco,219,-2.5707388108793983
env,159,-2.4584077132220155
health,344,-2.769460249341392
social,437,-2.6066896907306423
