Theme,count,avg_tone
conflict,12565,-2.6371874616723887
eco,4130,-2.5951178723937294
env,3433,-2.580338633492505
health,6533,-2.6255429449683256
social,8278,-2.6658623801938486
