Theme,count,avg_tone
conflict,11632,-1.6520330956298037
eco,3770,-1.6539739933859776
env,3108,-1.6393512758596067
health,5903,-1.6642887416015473
social,7643,-1.6648439568722502
