Theme,count,avg_tone
conflict,34879,-4.016287754565741
eco,11739,-4.012220307203647
env,9358,-4.048321788108256
health,17683,-3.960340069276696
social,23331,-4.02233729168278
