Theme,count,avg_tone
conflict,23223,-3.519663405076977
eco,7844,-3.5285041428412662
env,6344,-3.5418248895777915
health,11689,-3.5182318895757936
social,15506,-3.5356439042579124
