Theme,count,avg_tone
conflict,40124,-3.2523459076398558
eco,13557,-3.297486130569271
env,10871,-3.235916651214218
health,20392,-3.253716892048069
social,26789,-3.2533703658115845
