Theme,count,avg_tone
conflict,162,-2.1571797283137384
eco,49,-2.154701147668702
env,40,-2.2896424428702717
health,89,-2.12667661108724
social,105,-2.128863382155762
