Theme,count,avg_tone
conflict,2253,-2.737350427375494
eco,763,-2.707013208117738
env,678,-2.7268136776960494
health,1108,-2.7537783089509693
social,1528,-2.7698313002725783
