Theme,count,avg_tone
conflict,10924,-2.4050969746796813
eco,3642,-2.3754372293991657
env,2950,-2.347772017756907
health,5506,-2.4469735931560064
social,7179,-2.3852599195465567
