Theme,count,avg_tone
conflict,308,-1.7133735560472811
eco,99,-2.0037027370308502
env,80,-1.3580819325336007
health,137,-1.7033392403816825
social,183,-1.709189318090185
