Theme,count,avg_tone
conflict,639,-0.6715782750411705
eco,221,-0.8105879746242203
env,190,-0.7442481624110856
health,353,-0.8070780277904637
social,460,-0.6885190709430999
