Theme,count,avg_tone
conflict,2129,-3.638416569175492
eco,702,-3.5490363935730453
env,589,-3.6000712469287985
health,1097,-3.655737471423963
social,1415,-3.6206300513779484
