Theme,count,avg_tone
conflict,15453,-3.9486065095334144
eco,5039,-3.9092375122043657
env,4195,-3.8790325045696123
health,7929,-3.9259779567143824
social,10189,-3.9218179555929145
