Theme,Tone
conflict,-2.8269983802088947
eco,-2.8564599945783664
env,-2.844907961484343
health,-2.8301378353909596
social,-2.8292214099725337
