Theme,Tone
conflict,-3.7264360144246367
eco,-3.721409424948352
env,-3.7128065653722113
health,-3.7236562210370163
social,-3.7256781224055526
