Theme,count,avg_tone
conflict,75267,-3.323772084893799
eco,25327,-3.2938457851977363
env,20242,-3.3279500763791057
health,38175,-3.319557672193001
social,50064,-3.3278178741117728
