Theme,count,avg_tone
conflict,68568,-2.936468461166981
eco,22981,-2.976353236482132
env,18494,-2.951912313694971
health,34955,-2.9649208703694487
social,45306,-2.9527828757297074
