Theme,count,avg_tone
conflict,13499,-1.0411033978091255
eco,4544,-0.9946975243883626
env,3627,-1.1219959228875926
health,6859,-1.0547753272776494
social,8802,-1.0176243865963743
