Theme,count,avg_tone
conflict,49524,-2.6825501121216244
eco,16686,-2.674548731940094
env,13326,-2.6862836456720887
health,25327,-2.67033174356939
social,33070,-2.6719013357085344
