Theme,count,avg_tone
conflict,151016,-3.417381648457658
eco,50077,-3.43637076325845
env,40028,-3.4456885531518537
health,76953,-3.4226834237056445
social,100394,-3.4190652089322797
