Theme,count,avg_tone
conflict,125180,-3.1598429824016407
eco,42293,-3.1695288133141686
env,33541,-3.1849796069132146
health,63497,-3.164355680949125
social,82946,-3.16823506543855
