Theme,count,avg_tone
conflict,95878,-3.182400954393832
eco,31996,-3.1970783254605624
env,25694,-3.1791448343505437
health,49213,-3.18252599853143
social,63700,-3.163328801871426
