Theme,count,avg_tone
conflict,174726,-2.243589784488671
eco,58609,-2.258966905040764
env,46792,-2.250442647601997
health,89556,-2.243608286889175
social,117395,-2.2354363174534195
