Theme,count,avg_tone
conflict,36225,-2.7940512151520314
eco,12099,-2.7114511323504247
env,9768,-2.770207266076322
health,18245,-2.8037922677282365
social,23882,-2.802415998122962
