Theme,count,avg_tone
conflict,34595,-3.59450745768186
eco,11598,-3.531484854060793
env,9240,-3.6070517653073497
health,17832,-3.6068259199953916
social,22942,-3.581456861556847
