Theme,count,avg_tone
conflict,312158,-3.842129611739243
eco,104450,-3.851273137010232
env,83899,-3.852384083106754
health,159734,-3.8538119430346978
social,207402,-3.8511885748979107
