Theme,count,avg_tone
conflict,4733,-2.564990754901158
eco,1630,-2.4766325470305204
env,1279,-2.557410231302445
health,2481,-2.5414904354692913
social,3201,-2.5291118082748234
