Theme,count,avg_tone
conflict,84220,-2.778276548303767
eco,28114,-2.782995864317401
env,22396,-2.7472302968846987
health,43059,-2.77095003079269
social,56173,-2.7813346816253284
