Theme,count,avg_tone
conflict,21739,-3.2774452976128443
eco,7288,-3.2920209404278147
env,5760,-3.226627178730303
health,11058,-3.307815626144912
social,14710,-3.272661038174338
