Theme,count,avg_tone
conflict,26766,-3.801953552139793
eco,8872,-3.83965675899046
env,7357,-3.7690045579461406
health,13753,-3.7991849750854776
social,17892,-3.8246009506452667
