Theme,count,avg_tone
conflict,41077,-3.6913110423128965
eco,13724,-3.6493806984901798
env,11061,-3.6818852292444295
health,21214,-3.6936836583322536
social,27558,-3.6878235141126754
