Theme,count,avg_tone
conflict,21585,-3.0416095700712957
eco,7222,-3.0731033441632873
env,5886,-3.1234391844408016
health,11055,-3.048206456300051
social,14427,-3.0158407831430836
