Theme,count,avg_tone
conflict,161647,-2.5122198315612994
eco,54022,-2.5108586759279445
env,43360,-2.523833619330807
health,82464,-2.509690649353243
social,106850,-2.5133455558302593
