Theme,count,avg_tone
conflict,1433,0.0594838247049712
eco,479,0.10974753438683395
env,383,-0.003550155400462323
health,735,0.0408931597461573
social,957,0.1099091260404282
