Theme,count,avg_tone
conflict,43859,-2.8269983802088947
eco,14614,-2.8564599945783664
env,11649,-2.844907961484343
health,22243,-2.8301378353909596
social,29104,-2.8292214099725337
