Theme,count,avg_tone
conflict,4623,-1.7195713121069838
eco,1492,-1.7563481648681991
env,1335,-1.8303922322725048
health,2289,-1.7399399069151986
social,3066,-1.7432202334826585
