Theme,count,avg_tone
conflict,319186,-3.0675399174950733
eco,107072,-3.069570521422758
env,85882,-3.048849173489771
health,161882,-3.0567088946918712
social,211545,-3.0622294189806736
