Theme,count,avg_tone
conflict,16024,-3.4541388566633136
eco,5316,-3.443071994734872
env,4201,-3.482369052649038
health,8120,-3.470003893599371
social,10694,-3.453163027416548
