Theme,count,avg_tone
conflict,17980,-3.4213952688422404
eco,6073,-3.3147981263994883
env,4775,-3.4969561786515766
health,9053,-3.3915967282195236
social,12195,-3.4178688320763686
