Theme,count,avg_tone
conflict,359160,-2.81848514423242
eco,119718,-2.8074552061352276
env,95808,-2.8297879315584384
health,182985,-2.819584638126226
social,237669,-2.821228771346253
