Theme,count,avg_tone
conflict,19143,-3.718679086537062
eco,6409,-3.6984758309272863
env,5088,-3.7376969249502223
health,9615,-3.751538860175069
social,12741,-3.7362275218734693
