Theme,count,avg_tone
conflict,13141,-3.7326035057960447
eco,4440,-3.6530359148253453
env,3445,-3.731226891839757
health,6818,-3.7646866127194176
social,8869,-3.7309317584518564
