Theme,count,avg_tone
conflict,14760,-3.3650390230958425
eco,4906,-3.335703651249806
env,3890,-3.3998570961360683
health,7528,-3.3762679865605016
social,9796,-3.3544942065364904
