Theme,count,avg_tone
conflict,21122,-3.3286653025021122
eco,7053,-3.364774305960802
env,5605,-3.2833514896938207
health,10813,-3.290923936292179
social,14133,-3.322544807938972
