Theme,count,avg_tone
conflict,141754,-2.9118027535442614
eco,47076,-2.900738903483152
env,38273,-2.917743076192552
health,71729,-2.909492930331061
social,93426,-2.9038581348452808
