Theme,count,avg_tone
conflict,136833,-2.5765719369044295
eco,45726,-2.5772000788716434
env,36598,-2.553459797018871
health,69314,-2.566284254664668
social,90607,-2.569753159141066
