Theme,count,avg_tone
conflict,67506,-2.582040702948046
eco,22444,-2.5726719611236097
env,18469,-2.5549279111034546
health,34280,-2.5615496839877236
social,44883,-2.5680360366826958
