Theme,count,avg_tone
conflict,73334,-2.5631228830277046
eco,24391,-2.542653994406485
env,19394,-2.546523785902957
health,37587,-2.547498690598527
social,48966,-2.555684156679914
