Theme,count,avg_tone
conflict,230645,-3.7264360144246367
eco,76909,-3.721409424948352
env,61864,-3.7128065653722113
health,117562,-3.7236562210370163
social,153068,-3.7256781224055526
