Theme,count,avg_tone
conflict,92591,-3.8733302143690227
eco,31012,-3.865702086397734
env,24671,-3.8546078073167465
health,47486,-3.8864913138766837
social,61729,-3.8625328124839187
