Theme,count,avg_tone
conflict,243962,-2.6006323163116525
eco,81619,-2.6016502842901255
env,64943,-2.5991480211261186
health,124108,-2.6037834165894953
social,161543,-2.6036246487960084
