Theme,count,avg_tone
conflict,11814,-1.4883682856363334
eco,3988,-1.5010977032772952
env,3238,-1.5548718574987717
health,6069,-1.4945588530173086
social,7907,-1.4743132433003487
