Theme,count,avg_tone
conflict,123968,-2.77677295585309
eco,41840,-2.7629569330266888
env,33295,-2.7774729241122924
health,63598,-2.776078549357304
social,82684,-2.7742667010585653
