Theme,count,avg_tone
conflict,8173,-2.450728019722376
eco,2691,-2.3663810588137366
env,2121,-2.4983104144909882
health,4210,-2.4982920960013457
social,5502,-2.4677514946364507
