Theme,count,avg_tone
conflict,123132,-1.6995151371387085
eco,41084,-1.70305885220815
env,32869,-1.6942383538608148
health,62431,-1.7012970355897234
social,81547,-1.695072392232519
