Theme,count,avg_tone
conflict,335598,-3.9565361071885463
eco,112436,-3.9575219547895037
env,90024,-3.9728915586837066
health,171194,-3.9597673638563804
social,223912,-3.950978705009651
