Theme,count,avg_tone
conflict,266621,-3.3730998502869376
eco,89240,-3.3772015798277306
env,71856,-3.358365943284707
health,135075,-3.37401363085732
social,176735,-3.3810326552114707
