Theme,count,avg_tone
conflict,300336,-3.182775823484623
eco,100582,-3.1784514720282644
env,81123,-3.1933416661720053
health,151690,-3.177298891965007
social,198889,-3.1853003141300014
