Theme,count,avg_tone
conflict,1246,-2.339162620015729
eco,409,-2.1379507445010963
env,324,-2.3026585235609613
health,621,-2.382093679735394
social,845,-2.2407176465331733
