Theme,count,avg_tone
conflict,14643,-2.7687450998063654
eco,4867,-2.851233639793857
env,3930,-2.7392374492684755
health,7355,-2.7340709239802865
social,9839,-2.782532588302549
