Theme,count,avg_tone
conflict,122619,-2.422528302884741
eco,41238,-2.4176310347727394
env,33033,-2.3998143595709185
health,62075,-2.414878585310174
social,81107,-2.423839729690185
