Theme,count,avg_tone
conflict,3123,-1.8444791971900707
eco,1023,-1.8579975762209078
env,844,-1.81415671555923
health,1578,-1.788420327627362
social,2047,-1.793651658267117
