Theme,count,avg_tone
conflict,5939,-0.6078274671657917
eco,1927,-0.5200999381822904
env,1580,-0.4633950805765661
health,3118,-0.5853138155987619
social,4007,-0.5981042387584097
