Theme,count,avg_tone
conflict,25400,-3.5380530083543
eco,8396,-3.5704589534966287
env,6824,-3.5305262411958904
health,13008,-3.5216807325668595
social,16855,-3.5240765186642924
