Theme,count,avg_tone
conflict,161901,-3.7605200390674636
eco,54161,-3.7536960089444573
env,43413,-3.7369103132316783
health,82980,-3.762063267255292
social,107643,-3.752268278874209
