Theme,Tone
conflict,-2.7716253379675773
eco,-2.7388912527181373
env,-2.7620702549853156
health,-2.7419952925660995
social,-2.7747712704316996
