Theme,Tone
conflict,-3.2231786119502472
eco,-3.1853301991084453
env,-3.2331198441433195
health,-3.221074463554618
social,-3.219047369940974
