Theme,count,avg_tone
conflict,6036.0,-3.2974552913123585
eco,2059.0,-3.1911902775132255
env,1682.0,-3.3463308532769664
health,3097.0,-3.312273438458229
social,4021.0,-3.297919876743827
