Theme,count,avg_tone
conflict,5749.0,-2.9849541668611215
eco,1928.0,-3.0750923380924684
env,1535.0,-2.9374659191249854
health,3012.0,-3.005289757037787
social,3886.0,-2.9965970718927566
