Theme,count,avg_tone
conflict,1697.0,-1.2259493781035613
eco,573.0,-1.2517783745562596
env,459.0,-1.2293254264002236
health,840.0,-1.3172471090112112
social,1105.0,-1.1897449121053394
