Theme,count,avg_tone
conflict,4644.0,-2.6781440715310096
eco,1517.0,-2.5899042013682516
env,1213.0,-2.701154672741741
health,2331.0,-2.696566607891984
social,3092.0,-2.7684278399208333
