Theme,count,avg_tone
conflict,11997.0,-3.4361621224652406
eco,4069.0,-3.447875929809902
env,3215.0,-3.3802712351333244
health,5976.0,-3.425774990450378
social,8008.0,-3.4539706431950385
