Theme,count,avg_tone
conflict,13002.0,-2.2676310724258193
eco,4458.0,-2.315694679618447
env,3468.0,-2.251721524344039
health,6767.0,-2.245158267297272
social,8684.0,-2.21511622959455
