Theme,count,avg_tone
conflict,46.0,0.6602866859709965
eco,18.0,1.3131486087497046
env,14.0,1.5492316455510924
health,22.0,0.556233460223417
social,28.0,0.6137109270267624
