Theme,count,avg_tone
conflict,2776.0,-3.3552191995478635
eco,946.0,-3.5049535678181143
env,767.0,-3.694319654260325
health,1444.0,-3.3999913665845742
social,1872.0,-3.428592399513445
