Theme,count,avg_tone
conflict,668.0,-2.512118966247402
eco,232.0,-2.4508297866503184
env,188.0,-2.6265287470674266
health,365.0,-2.548692523133875
social,496.0,-2.52387309110383
