Theme,count,avg_tone
conflict,4106.0,-2.5915589797501934
eco,1381.0,-2.573548971484417
env,1133.0,-2.513123151445162
health,2105.0,-2.6192467183112176
social,2730.0,-2.5876904509110603
