Theme,count,avg_tone
conflict,1945.0,-3.545127062123842
eco,621.0,-3.4798920858753606
env,483.0,-3.319756102033022
health,944.0,-3.5870952802174503
social,1299.0,-3.586458422445328
