Theme,count,avg_tone
conflict,2007.0,-3.528253874819429
eco,674.0,-3.4533002950900444
env,593.0,-3.580105127249239
health,1065.0,-3.565192696100599
social,1343.0,-3.5460342496378496
