Theme,count,avg_tone
conflict,4235.0,-3.3326728153522485
eco,1423.0,-3.3939365155722303
env,1161.0,-3.4036002571365027
health,2237.0,-3.3859330907327196
social,2837.0,-3.336790887781735
