Theme,count,avg_tone
conflict,1813.0,-3.229929566854813
eco,602.0,-3.318111134376754
env,485.0,-3.5962387981047126
health,922.0,-3.218843949177403
social,1184.0,-3.2541660816502254
