Theme,count,avg_tone
conflict,9244.0,-2.393916311462912
eco,3115.0,-2.295977285170948
env,2451.0,-2.3028769383537218
health,4772.0,-2.3977113252070095
social,6144.0,-2.3898371380585366
