Theme,count,avg_tone
conflict,24183.0,-3.067549943949437
eco,8199.0,-3.06757656707699
env,6460.0,-3.0440663510437767
health,12396.0,-3.0892417914638868
social,16004.0,-3.0511160176511907
