Theme,count,avg_tone
conflict,1146.0,-3.794383898376086
eco,397.0,-3.6558558954588896
env,292.0,-3.7658271634715677
health,559.0,-3.9573033851953947
social,758.0,-3.8561745220016443
