Theme,count,avg_tone
conflict,1907.0,-3.8530798222519285
eco,631.0,-3.7977431637965235
env,505.0,-4.004706540523636
health,968.0,-3.789817102129089
social,1279.0,-3.937107410002546
