Theme,count,avg_tone
conflict,1417.0,-4.174161965190028
eco,444.0,-4.188549941496131
env,356.0,-4.384078080036734
health,717.0,-4.193695790077014
social,901.0,-4.161972678812687
