Theme,count,avg_tone
conflict,34416.0,-2.834252738845369
eco,11445.0,-2.8249464029224627
env,9257.0,-2.85132117912737
health,17705.0,-2.8392869373249447
social,22727.0,-2.8333665140461757
