Theme,count,avg_tone
conflict,1043.0,-3.139426558344309
eco,361.0,-2.9351536691930584
env,287.0,-3.2183046675746168
health,533.0,-3.347766288628197
social,690.0,-3.1981993124088115
