Theme,count,avg_tone
conflict,1047.0,-3.2748726041263767
eco,347.0,-3.1702575560041124
env,272.0,-3.5461958365757758
health,555.0,-3.241398991502836
social,683.0,-3.2253174251558527
