Theme,count,avg_tone
conflict,1385.0,-3.160181511225748
eco,498.0,-3.095520214660443
env,410.0,-3.1637307849217033
health,713.0,-3.08551481368109
social,948.0,-3.1954070763653437
