Theme,count,avg_tone
conflict,7949.0,-2.7616001218833466
eco,2641.0,-2.778092708438027
env,2185.0,-2.6472272363325424
health,4053.0,-2.7138602223365345
social,5321.0,-2.737475337529603
