Theme,count,avg_tone
conflict,12648.0,-3.007325311830437
eco,4257.0,-3.0095543956499307
env,3403.0,-2.94580938884934
health,6408.0,-2.9824693266684554
social,8373.0,-2.996609049669518
