Theme,count,avg_tone
conflict,5220.0,-2.61986674702529
eco,1716.0,-2.6520622069482793
env,1408.0,-2.6156135474286537
health,2616.0,-2.5892175749567805
social,3438.0,-2.640632788427784
