Theme,count,avg_tone
conflict,5453.0,-2.4203920720975693
eco,1809.0,-2.508607420684006
env,1394.0,-2.4705200637161213
health,2800.0,-2.4083431010172665
social,3613.0,-2.426440892507611
