Theme,count,avg_tone
conflict,5072.0,-3.782874665705451
eco,1779.0,-3.808834979468055
env,1413.0,-3.7597579567031305
health,2652.0,-3.779372343125404
social,3397.0,-3.7531011606503992
