Theme,count,avg_tone
conflict,6318.0,-3.665981912426693
eco,2183.0,-3.5956012678052653
env,1674.0,-3.6352315564282045
health,3257.0,-3.707066976127786
social,4164.0,-3.6214376000384854
