Theme,count,avg_tone
conflict,23657.0,-2.728196663560908
eco,7894.0,-2.730536305720787
env,6323.0,-2.774796442973124
health,12145.0,-2.7458834976926103
social,15677.0,-2.7310952627833975
