Theme,count,avg_tone
conflict,610.0,-1.2652326622708336
eco,179.0,-1.003108872906923
env,161.0,-1.577365932904753
health,306.0,-1.4200333696375838
social,412.0,-1.0587774293955543
