Theme,count,avg_tone
conflict,492.0,-1.7531812354332847
eco,153.0,-1.5797789777696696
env,133.0,-2.024787910969172
health,257.0,-1.8553233417621628
social,346.0,-2.110268682569427
