Theme,count,avg_tone
conflict,10789.0,-1.5750177685639142
eco,3633.0,-1.586171996964727
env,2897.0,-1.5804291400525234
health,5483.0,-1.5761823358740543
social,7234.0,-1.5664361659838606
