Theme,count,avg_tone
conflict,30529.0,-3.018333242546752
eco,10253.0,-2.9742150242825507
env,8277.0,-2.9845011589680213
health,15446.0,-3.0373565108829816
social,20162.0,-3.049421785595613
