Theme,count,avg_tone
conflict,20440.0,-3.5950475541023934
eco,6842.0,-3.628640805615419
env,5471.0,-3.6138296717074057
health,10462.0,-3.6347146719089802
social,13589.0,-3.615067684633412
