Theme,count,avg_tone
conflict,14450.0,-2.7272567467740076
eco,4877.0,-2.6423172929023804
env,3953.0,-2.7686204417480327
health,7292.0,-2.726093348299337
social,9525.0,-2.7445305104813262
