Theme,count,avg_tone
conflict,69.0,-2.069205082849396
eco,22.0,-2.79638309248222
env,13.0,-2.2446350468319283
health,28.0,-1.9932738207501457
social,44.0,-1.4299405747591907
