Theme,count,avg_tone
conflict,10843.0,-2.5915916344300918
eco,3616.0,-2.522619683300196
env,2888.0,-2.554746790494549
health,5517.0,-2.554927824610844
social,7243.0,-2.5852891991875775
