Theme,count,avg_tone
conflict,30.0,-0.8618897165137778
eco,13.0,-1.0695899884244757
env,7.0,-1.319751564372586
health,13.0,-0.6622148376078676
social,26.0,-0.6971499437219469
