Theme,count,avg_tone
conflict,2231.0,-3.220162879524736
eco,727.0,-3.071921868841584
env,597.0,-3.2103639674134614
health,1119.0,-3.1648674333168016
social,1482.0,-3.1495257996603203
