Theme,count,avg_tone
conflict,11328.0,-3.248752582520743
eco,3788.0,-3.246279146028731
env,2952.0,-3.2726632798888526
health,5849.0,-3.2544661447224907
social,7540.0,-3.259273893466834
