Theme,Tone
conflict,-2.9253509021952837
eco,-2.893477719628883
env,-2.93091882112105
health,-2.9358371681604174
social,-2.9103967252293454
