Theme,Tone
conflict,-2.9315174056732483
eco,-2.7396145839075947
env,-2.9867374016363737
health,-2.982346893965884
social,-2.8818705767246238
