Theme,Tone
conflict,-2.7211222082465567
eco,-2.5707388108793983
env,-2.4584077132220155
health,-2.769460249341392
social,-2.6066896907306423
