Theme,Tone
conflict,-2.745846886242241
eco,-2.747630668850156
env,-2.7414451802846482
health,-2.686678072391398
social,-2.6980617234464037
