Theme,Tone
conflict,-3.025805522443756
eco,-3.0352702092260007
env,-2.967057860517899
health,-3.020419790136955
social,-3.0305762505851277
