Theme,Tone
conflict,-2.3615577746114584
eco,-2.2760746599046175
env,-2.522985827236079
health,-2.28767961215054
social,-2.300396079714748
