Theme,Tone
conflict,-2.4818811060830317
eco,-2.475918106060895
env,-2.4640042150256076
health,-2.460528255229793
social,-2.4645032925918313
