Theme,Tone
conflict,-2.2583574170125016
eco,-2.2661882040093215
env,-2.218508430024664
health,-2.2894388810987025
social,-2.2163752365831697
