Theme,Tone
conflict,-1.6450077455150973
eco,-1.6078987238816456
env,-1.5900709205634238
health,-1.6201672476981053
social,-1.6122488052482493
