Theme,Tone
conflict,-3.5484499578310396
eco,-3.443263034722519
env,-3.7481555374938313
health,-3.58623271913284
social,-3.529406802786468
