Theme,Tone
conflict,-3.1477768649101128
eco,-3.171736025139744
env,-3.3971118064678594
health,-3.3189528404218844
social,-3.080400702329192
