Theme,Tone
conflict,-2.76269965077686
eco,-2.7765092955612065
env,-2.7929397936854046
health,-2.7814725589049387
social,-2.7536207804443547
