Theme,Tone
conflict,-2.8326865427490637
eco,-2.7923802771663544
env,-2.8408116744375733
health,-2.8270684950316256
social,-2.812633935854022
