Theme,Tone
conflict,-3.426061637437622
eco,-3.4105964164984495
env,-3.3806024726838775
health,-3.4381944076124134
social,-3.446959809144362
