Theme,Tone
conflict,-3.531710743238468
eco,-3.54916825426419
env,-3.3584757999573394
health,-3.549231050121229
social,-3.4753219508582363
