Theme,Tone
conflict,-3.5578635157370826
eco,-3.447324823892553
env,-3.5684978407330674
health,-3.5005446947557757
social,-3.64337510807936
