Theme,Tone
conflict,-2.6631662334056023
eco,-2.415011806589909
env,-2.578868743555654
health,-2.507995241648579
social,-2.4993114316624903
