Theme,Tone
conflict,-3.494400269789085
eco,-3.5108656271398213
env,-3.5334178420552464
health,-3.557405309093991
social,-3.4679813032119924
