Theme,Tone
conflict,-3.6966069982100023
eco,-3.7099969412704423
env,-3.827316980697817
health,-3.6325649408870846
social,-3.7079050698429157
