Theme,Tone
conflict,-3.2245723812431333
eco,-3.3711471771683583
env,-3.338919430825881
health,-3.2117410059513563
social,-3.226029479753098
