Theme,Tone
conflict,-3.545127062123842
eco,-3.4798920858753606
env,-3.319756102033022
health,-3.5870952802174503
social,-3.586458422445328
