Theme,Tone
conflict,-2.304154856556492
eco,-2.362313624172603
env,-2.2899711743170896
health,-2.291166498243763
social,-2.275406857084348
