Theme,Tone
conflict,-1.5367347680042096
eco,-1.5160399127649047
env,-1.5231440454949967
health,-1.528681636960637
social,-1.5435387752838474
