Theme,Tone
conflict,-2.19103053621386
eco,-2.115713491800509
env,-2.186064765841093
health,-2.2109232670256547
social,-2.173047381731184
