Theme,Tone
conflict,-3.7570738521574896
eco,-3.751855768110353
env,-3.713749876145037
health,-3.7022518161774953
social,-3.760907400220235
