Theme,Tone
conflict,-2.9524938302129753
eco,-3.029220190956624
env,-2.9888157391270904
health,-2.964158014099404
social,-2.966660737906497
