Theme,Tone
conflict,-2.573176507199274
eco,-2.6054193330255484
env,-2.5827613542068324
health,-2.5009454784402583
social,-2.6149912107923385
