Theme,Tone
conflict,-2.6006323163116525
eco,-2.6016502842901255
env,-2.5991480211261186
health,-2.6037834165894953
social,-2.6036246487960084
