Theme,Tone
conflict,-1.32971111183791
eco,-1.0227028459405039
env,-0.8239086979959521
health,-1.239812030051985
social,-1.2971803307194427
