Theme,Tone
conflict,-4.002082120216508
eco,-3.983482634441516
env,-4.024284512669812
health,-4.044996487591193
social,-3.9969393549527528
