Theme,Tone
conflict,-2.7128361530044094
eco,-2.8353369205315335
env,-2.6588478874573913
health,-2.775737838038972
social,-2.8118587233185632
