Theme,Tone
conflict,-2.2945942626239297
eco,-2.1501372415544653
env,-2.316508913134248
health,-2.2839335117252473
social,-2.3406606164313004
