Theme,Tone
conflict,-2.883760675680466
eco,-2.940798811820684
env,-2.784624567781799
health,-2.8904523271355433
social,-2.863717096631854
