Theme,Tone
conflict,-0.9035056167316408
eco,-0.7723522289405828
env,-0.9087034016516092
health,-0.8915031650869805
social,-0.8932781269537513
