Theme,Tone
conflict,-3.7954128957409057
eco,-3.695333040553028
env,-3.949313199695819
health,-3.83973260477526
social,-3.8096890532478094
