Theme,Tone
conflict,-2.422528302884741
eco,-2.4176310347727394
env,-2.3998143595709185
health,-2.414878585310174
social,-2.423839729690185
