Theme,Tone
conflict,-0.2707639817723738
eco,-0.10324548808719747
env,-0.2517862802766387
health,-0.2525741031994211
social,-0.18303388049000557
