Theme,Tone
conflict,-2.339162620015729
eco,-2.1379507445010963
env,-2.3026585235609613
health,-2.382093679735394
social,-2.2407176465331733
