Theme,Tone
conflict,-0.5015308087727449
eco,-0.5595768510155884
env,-0.12247542464257972
health,-0.3492262119954134
social,-0.4141286480638316
