Theme,Tone
conflict,-3.018333242546752
eco,-2.9742150242825507
env,-2.9845011589680213
health,-3.0373565108829816
social,-3.049421785595613
