Theme,Tone
conflict,-1.4883682856363334
eco,-1.5010977032772952
env,-1.5548718574987717
health,-1.4945588530173086
social,-1.4743132433003487
