Theme,Tone
conflict,-2.8480070959587476
eco,-2.910266817326994
env,-2.854229277694634
health,-2.768162652148627
social,-2.831742608111834
