Theme,Tone
conflict,-3.583373955168108
eco,-3.6289407872237227
env,-3.4063060995851635
health,-3.7381112979748674
social,-3.5372667985177926
