Theme,Tone
conflict,-2.4295605920554593
eco,-2.487916035283015
env,-2.3817153245682974
health,-2.382917977126586
social,-2.4486655427579582
