Theme,Tone
conflict,-3.6008971841508046
eco,-3.6138916723685206
env,-3.596461525479881
health,-3.566552475421538
social,-3.607449026692755
