Theme,Tone
conflict,-3.4678310771046736
eco,-3.444744452137736
env,-3.414529526995139
health,-3.4689379818203845
social,-3.4813903543499554
