Theme,Tone
conflict,-4.4688257102995115
eco,-4.4288037376014495
env,-4.43415543644813
health,-4.6204785087987625
social,-4.451711523715051
