Theme,Tone
conflict,-2.740901095281525
eco,-2.8537647383558458
env,-2.5938891032662936
health,-2.6574028099611744
social,-2.7166586360903664
