Theme,Tone
conflict,-3.417381648457658
eco,-3.43637076325845
env,-3.4456885531518537
health,-3.4226834237056445
social,-3.4190652089322797
