Theme,Tone
conflict,-2.4627622495747152
eco,-2.4399064849149634
env,-2.416829337653747
health,-2.465904916437443
social,-2.422892234985186
