Theme,Tone
conflict,-2.6203148341038527
eco,-2.72978848486085
env,-2.774213149303068
health,-2.3685714599391123
social,-2.4805313311614965
