Theme,Tone
conflict,-3.281374069016731
eco,-3.074008324710575
env,-3.5488286156913054
health,-3.3604520037331165
social,-3.2631026137772285
