Theme,Tone
conflict,-2.8225168547998383
eco,-2.6868782078750515
env,-2.841018866696064
health,-2.7331949527304555
social,-2.8805034052313236
