Theme,Tone
conflict,-1.5750177685639142
eco,-1.586171996964727
env,-1.5804291400525234
health,-1.5761823358740543
social,-1.5664361659838606
