Theme,Tone
conflict,-3.775554233082569
eco,-3.827749227146514
env,-3.8506559275805485
health,-3.8064584580462624
social,-3.7616012576968343
