Theme,Tone
conflict,-3.12981276771393
eco,-3.121075501589386
env,-3.1523919479305036
health,-3.139938990786201
social,-3.132706892474798
