Theme,Tone
conflict,-3.0334604487951786
eco,-2.982270613826287
env,-3.0106649837722492
health,-3.082537388445724
social,-3.020758514571511
