Theme,Tone
conflict,-1.7655990809111493
eco,-1.8973652465515192
env,-1.5792819508831295
health,-1.8315458503211182
social,-1.6371519343763425
