Theme,Tone
conflict,-3.7326035057960447
eco,-3.6530359148253453
env,-3.731226891839757
health,-3.7646866127194176
social,-3.7309317584518564
