Theme,Tone
conflict,-0.468983747845144
eco,-0.5171691074129969
env,-0.8111852969660848
health,-0.7631818385516427
social,-0.4809286529467715
