Theme,Tone
conflict,-4.048508008398035
eco,-4.0162538710808695
env,-4.106084748446374
health,-4.080618585424884
social,-4.105459824733287
