Theme,Tone
conflict,-3.512393954809389
eco,-3.423103799741367
env,-3.7293323338308446
health,-3.522318998497334
social,-3.605199205719356
