Theme,Tone
conflict,-4.174161965190028
eco,-4.188549941496131
env,-4.384078080036734
health,-4.193695790077014
social,-4.161972678812687
