Theme,Tone
conflict,-3.5463964276689204
eco,-3.5309638931427614
env,-3.5737251064707882
health,-3.5978861007470364
social,-3.5458224434586407
