Theme,Tone
conflict,-2.328050380394064
eco,-2.3379813210532374
env,-2.346519275011996
health,-2.3344656250932414
social,-2.2903229406698866
