Theme,Tone
conflict,-3.719569486505937
eco,-3.740373830279505
env,-3.815112919941463
health,-3.7495218790430624
social,-3.692305561421949
