Theme,Tone
conflict,-2.717503427706918
eco,-2.7272391164578074
env,-2.707402180566156
health,-2.700283491035564
social,-2.6889128879674122
