Theme,Tone
conflict,-0.31957920175938037
eco,-0.2636753662694254
env,-0.02602533301274321
health,-0.3776253346146657
social,-0.4842137337516293
