Theme,Tone
conflict,-3.008553738244286
eco,-2.9461083472710516
env,-4.094188288878365
health,-3.1822569927221953
social,-3.1463663535130015
