Theme,Tone
conflict,-3.3776285470829226
eco,-3.35235676959421
env,-3.3280220178950835
health,-3.3800333667391245
social,-3.3790205584283632
