Theme,Tone
conflict,-3.7929568671467946
eco,-3.854349086721436
env,-3.751659768999043
health,-3.7880936384437387
social,-3.7865182293721387
