Theme,Tone
conflict,-2.3178671145331284
eco,-2.311679640511477
env,-2.3092049774072367
health,-2.3235595437495684
social,-2.3070723885167244
