Theme,Tone
conflict,-3.0903311713361394
eco,-3.048714852820964
env,-3.133769214804601
health,-3.0922245872775798
social,-3.039142317957889
