Theme,Tone
conflict,-4.105764503475546
eco,-3.9853899840028877
env,-4.031297808393803
health,-4.066169673564776
social,-4.095398215416785
