Theme,Tone
conflict,-3.4886532903133975
eco,-3.495071630905934
env,-3.513366143357147
health,-3.3527326860619637
social,-3.4833065520798314
