Theme,Tone
conflict,-3.679327627142783
eco,-3.7044763209586344
env,-3.6992690173485534
health,-3.6713605156440123
social,-3.663008156458847
