Theme,Tone
conflict,-3.279017922696921
eco,-3.3412645529657574
env,-3.3005696903054647
health,-3.3238453411874205
social,-3.271941019593166
