Theme,Tone
conflict,-3.9565361071885463
eco,-3.9575219547895037
env,-3.9728915586837066
health,-3.9597673638563804
social,-3.950978705009651
