Theme,Tone
conflict,-2.3559619422111995
eco,-2.5074111314379466
env,-2.4918799179655045
health,-2.4433480525903053
social,-2.3517141367582797
