Theme,Tone
conflict,-3.908631055189902
eco,-4.035745126719996
env,-3.86572061960468
health,-3.8396194469286975
social,-3.9124694308508743
