Theme,Tone
conflict,-3.1431364268398165
eco,-2.8961136047649045
env,-3.025793066240453
health,-3.074246139434735
social,-3.1192847246218163
