Theme,Tone
conflict,-3.9486065095334144
eco,-3.9092375122043657
env,-3.8790325045696123
health,-3.9259779567143824
social,-3.9218179555929145
