Theme,Tone
conflict,-2.1600789088498007
eco,-2.1156301494540215
env,-2.042060219784009
health,-2.1014275145404917
social,-2.1348108568384987
