Theme,Tone
conflict,-2.7634791773167726
eco,-2.6797991939653514
env,-2.786371416993775
health,-2.7409188809539695
social,-2.75563459844491
