Theme,Tone
conflict,-2.872334569947898
eco,-2.972014434443303
env,-2.9373007145075585
health,-2.9601826759149987
social,-2.855597225642085
