Theme,Tone
conflict,-2.8300002053786306
eco,-2.8006852134115965
env,-2.8646989764275803
health,-2.8402622436263427
social,-2.841032525081109
