Theme,Tone
conflict,-4.046586163679454
eco,-4.052945001002449
env,-4.130994046586647
health,-4.147621692647036
social,-4.1851418846843185
