Theme,Tone
conflict,-3.6873747828518697
eco,-3.660689974805421
env,-3.860074850969416
health,-3.581568225625971
social,-3.7449637136800766
