Theme,Tone
conflict,-1.3768039255870776
eco,-1.159466973161791
env,-1.4898253374210066
health,-1.4177792452292042
social,-1.3378931968063184
