Theme,Tone
conflict,-3.007325311830437
eco,-3.0095543956499307
env,-2.94580938884934
health,-2.9824693266684554
social,-2.996609049669518
