Theme,Tone
conflict,-3.540382904213043
eco,-3.448754779029885
env,-3.623942989965906
health,-3.4971777374663247
social,-3.6459286886065803
