Theme,count,avg_tone
conflict,5563.0,-3.275465165710203
eco,1878.0,-3.395893260249639
env,1475.0,-3.3733476343035633
health,2830.0,-3.2580749867761147
social,3729.0,-3.274285339905314
