Theme,count,avg_tone
conflict,1001.0,-0.6679490581951049
eco,335.0,-0.5196235352439602
env,246.0,-0.5893915391939962
health,526.0,-0.6421059372866555
social,648.0,-0.6094656803679293
