Theme,count,avg_tone
conflict,11460.0,-3.84142397791245
eco,3821.0,-3.8590796910918836
env,3098.0,-3.787477486752062
health,5957.0,-3.8209935638904255
social,7613.0,-3.807286779924338
