Theme,count,avg_tone
conflict,4905.0,-3.1046938202548042
eco,1678.0,-3.224583803405472
env,1304.0,-3.110305320180783
health,2470.0,-3.1524461268387234
social,3320.0,-3.0564064919452854
