Theme,count,avg_tone
conflict,9580.0,-3.279017922696921
eco,3241.0,-3.3412645529657574
env,2587.0,-3.3005696903054647
health,4821.0,-3.3238453411874205
social,6312.0,-3.271941019593166
