Theme,count,avg_tone
conflict,6205.0,-3.3146238751358976
eco,2029.0,-3.31852385581994
env,1679.0,-3.29980039320231
health,3111.0,-3.2921536445043205
social,4070.0,-3.292182177723006
