Theme,count,avg_tone
conflict,12231.0,-2.2748466208421503
eco,4149.0,-2.3698720478890136
env,3353.0,-2.2663935496535212
health,6362.0,-2.2597608043322484
social,8279.0,-2.301994832756629
