Theme,count,avg_tone
conflict,36.0,1.8567452761775947
eco,15.0,2.143702053259731
env,7.0,1.0472038534815502
health,18.0,1.7187820539856322
social,24.0,1.7234335550368718
