Theme,count,avg_tone
conflict,3252.0,-3.5791193718453025
eco,1119.0,-3.6243161206312515
env,840.0,-3.6061985856556107
health,1616.0,-3.672457961593357
social,2143.0,-3.5007850566015986
