Theme,count,avg_tone
conflict,27148.0,-3.795102616581429
eco,9032.0,-3.76056125492645
env,7386.0,-3.800900808030869
health,13933.0,-3.832497480765672
social,17991.0,-3.8163995676536433
