Theme,count,avg_tone
conflict,797.0,-2.4233254258410133
eco,277.0,-2.2460204378554898
env,226.0,-2.436170973541544
health,422.0,-2.392415037143101
social,536.0,-2.5623664197210374
