Theme,count,avg_tone
conflict,3545.0,-2.738517145162417
eco,1223.0,-2.669275205740795
env,906.0,-2.7386868714622885
health,1821.0,-2.6522550672202896
social,2311.0,-2.6628890551764077
