Theme,count,avg_tone
conflict,1617.0,-3.272796230615055
eco,550.0,-3.183784444076199
env,469.0,-3.077989991512417
health,863.0,-3.405669485734566
social,1083.0,-3.294868278419155
