Theme,count,avg_tone
conflict,1801.0,-4.1431124782359845
eco,592.0,-4.023470752468839
env,490.0,-3.951607129092228
health,957.0,-3.9644507922888916
social,1224.0,-4.189536938449762
