Theme,count,avg_tone
conflict,3095.0,-3.908631055189902
eco,1092.0,-4.035745126719996
env,836.0,-3.86572061960468
health,1565.0,-3.8396194469286975
social,2082.0,-3.9124694308508743
