Theme,count,avg_tone
conflict,1909.0,-2.9315174056732483
eco,639.0,-2.7396145839075947
env,502.0,-2.9867374016363737
health,948.0,-2.982346893965884
social,1250.0,-2.8818705767246238
