Theme,count,avg_tone
conflict,8255.0,-2.6829835378391076
eco,2760.0,-2.628659553595301
env,2199.0,-2.7705931385989766
health,4215.0,-2.644319989263991
social,5417.0,-2.7193084132251317
