Theme,count,avg_tone
conflict,24076.0,-3.573195063062322
eco,8076.0,-3.5639650856445564
env,6504.0,-3.493601352297892
health,12347.0,-3.5562071991052226
social,15907.0,-3.5862619910396965
