Theme,count,avg_tone
conflict,1411.0,-4.198259645343509
eco,435.0,-4.122310605373966
env,362.0,-4.252725902304661
health,716.0,-4.34816426220805
social,961.0,-4.2679610549518445
