Theme,count,avg_tone
conflict,1364.0,-3.7206306012819423
eco,472.0,-3.5445352738598817
env,342.0,-3.745189815885396
health,703.0,-3.6761359536578797
social,939.0,-3.6851921228121984
