Theme,count,avg_tone
conflict,30814.0,-3.2835590372105976
eco,10224.0,-3.293396007014127
env,8175.0,-3.302835433467092
health,15619.0,-3.2880317915130854
social,20408.0,-3.3100819368113914
