Theme,count,avg_tone
conflict,1761.0,-3.8787362810514545
eco,559.0,-4.009143642321687
env,480.0,-3.7512580497941
health,863.0,-3.9473211161843516
social,1141.0,-3.9198393960827356
