Theme,count,avg_tone
conflict,1293.0,-4.514187924776999
eco,445.0,-4.048338186193666
env,338.0,-4.414110737470229
health,681.0,-4.572113182213075
social,850.0,-4.311891166489161
