Theme,count,avg_tone
conflict,1416.0,-3.6889951000947057
eco,473.0,-3.835343276365698
env,365.0,-3.852848391758854
health,762.0,-3.7573563023516336
social,941.0,-3.689366210350573
