Theme,count,avg_tone
conflict,1737.0,-4.060849707876314
eco,578.0,-3.946235194851204
env,432.0,-4.021662298056359
health,911.0,-4.103224905428606
social,1163.0,-3.9229668536362863
