Theme,count,avg_tone
conflict,5040.0,-2.745846886242241
eco,1642.0,-2.747630668850156
env,1337.0,-2.7414451802846482
health,2541.0,-2.686678072391398
social,3319.0,-2.6980617234464037
