Theme,count,avg_tone
conflict,7873.0,-3.0144813626039713
eco,2689.0,-3.0363363401063745
env,2087.0,-3.052978759133159
health,3945.0,-3.0500534904232244
social,5272.0,-3.0193026857369114
