Theme,count,avg_tone
conflict,5039.0,-2.5780041191534107
eco,1663.0,-2.588874154445687
env,1301.0,-2.513684894157469
health,2516.0,-2.535244828923681
social,3311.0,-2.5721650165283396
