Theme,count,avg_tone
conflict,6793.0,-3.895633169536033
eco,2265.0,-3.8723666092100983
env,1834.0,-3.7902327240689946
health,3427.0,-3.873840831319356
social,4591.0,-3.9211367426641526
