Theme,count,avg_tone
conflict,6243.0,-3.715626929555768
eco,2047.0,-3.5936078347091307
env,1617.0,-3.798585467740054
health,3238.0,-3.7970824228191846
social,4197.0,-3.724474890363152
