Theme,count,avg_tone
conflict,21085.0,-2.7941724103651793
eco,6935.0,-2.8023484370048775
env,5596.0,-2.7973278501920062
health,10716.0,-2.7915822805233206
social,13923.0,-2.782430227240747
