Theme,count,avg_tone
conflict,842.0,-1.8612893328999687
eco,270.0,-2.1654904021139902
env,221.0,-1.7807589886322404
health,433.0,-1.7389003864568322
social,549.0,-1.947037948097082
