Theme,count,avg_tone
conflict,674.0,-2.370256575145574
eco,213.0,-2.6460139404068257
env,182.0,-2.190094371998705
health,352.0,-2.621216064653159
social,453.0,-2.4948871027476542
