Theme,count,avg_tone
conflict,7244.0,-3.445332220879413
eco,2475.0,-3.448434700575218
env,2035.0,-3.4232330393120307
health,3726.0,-3.468267740639887
social,4830.0,-3.4899241088281485
