Theme,count,avg_tone
conflict,9643.0,-2.0200470833823503
eco,3193.0,-2.0403723515015724
env,2562.0,-1.974389336087154
health,4962.0,-1.9738339335661124
social,6456.0,-2.0252195870200316
