Theme,count,avg_tone
conflict,19491.0,-4.002984025559807
eco,6451.0,-3.9294179382801127
env,5117.0,-4.056379316755253
health,9748.0,-3.991737242989741
social,12937.0,-3.962254096337471
