Theme,count,avg_tone
conflict,24976.0,-3.3968401070072733
eco,8456.0,-3.4125090841012264
env,6788.0,-3.3598677523507496
health,12585.0,-3.3934643559875535
social,16403.0,-3.380444563358935
