Theme,count,avg_tone
conflict,13625.0,-3.3215176398425283
eco,4647.0,-3.247613049542359
env,3741.0,-3.2748032750418212
health,6926.0,-3.2812000875768863
social,9059.0,-3.3174001786545166
