Theme,count,avg_tone
conflict,46.0,-2.4631449396813236
eco,14.0,-2.4032910532671647
env,14.0,-2.691422744626672
health,29.0,-2.3953704297547262
social,36.0,-2.4071061743688302
