Theme,count,avg_tone
conflict,10150.0,-2.810105342166743
eco,3382.0,-2.7790012199429004
env,2669.0,-2.7761320368134235
health,5128.0,-2.7966311017537597
social,6710.0,-2.8727445501754314
