Theme,count,avg_tone
conflict,26.0,-2.6705228951678843
eco,12.0,-3.1405120879146415
env,8.0,-3.5769144677951576
health,16.0,-2.7097069739871404
social,12.0,-2.8307644254902216
