Theme,count,avg_tone
conflict,2050.0,-3.7457439669467445
eco,669.0,-3.6273623313913457
env,546.0,-3.6880029953273383
health,1065.0,-3.8407223954652037
social,1403.0,-3.72413070292844
