Theme,count,avg_tone
conflict,14514.0,-3.7570738521574896
eco,4951.0,-3.751855768110353
env,3936.0,-3.713749876145037
health,7401.0,-3.7022518161774953
social,9746.0,-3.760907400220235
