Theme,Tone
conflict,-3.709939107848682
eco,-3.6812996124227673
env,-3.7442202464922274
health,-3.7105080650739413
social,-3.710580116611902
