Theme,Tone
conflict,-3.1046938202548042
eco,-3.224583803405472
env,-3.110305320180783
health,-3.1524461268387234
social,-3.0564064919452854
