Theme,Tone
conflict,-2.6388045960461497
eco,-2.6367360729693594
env,-2.6968789513875477
health,-2.6390411437828085
social,-2.645871441442421
