Theme,Tone
conflict,-3.0144813626039713
eco,-3.0363363401063745
env,-3.052978759133159
health,-3.0500534904232244
social,-3.0193026857369114
