Theme,Tone
conflict,-3.2523459076398558
eco,-3.297486130569271
env,-3.235916651214218
health,-3.253716892048069
social,-3.2533703658115845
