Theme,Tone
conflict,-4.222949053452851
eco,-4.215772469473626
env,-4.21166178160105
health,-4.204294128554873
social,-4.219550773494341
