Theme,Tone
conflict,-1.6520330956298037
eco,-1.6539739933859776
env,-1.6393512758596067
health,-1.6642887416015473
social,-1.6648439568722502
