Theme,Tone
conflict,-1.7426337566425343
eco,-1.7407198375961008
env,-1.7998120568348523
health,-1.758876738924124
social,-1.735656120454506
