Theme,Tone
conflict,-2.8711936061641
eco,-2.8206995943407334
env,-2.942098572066869
health,-2.7992407042503546
social,-2.8306181880498933
