Theme,Tone
conflict,-2.736545695031702
eco,-2.758386235297167
env,-2.832675967828283
health,-2.748612726787052
social,-2.7453034353158103
