Theme,Tone
conflict,-3.056864777821493
eco,-3.0420989201439617
env,-3.0863855163351888
health,-3.090302670584725
social,-3.0552076332024383
