Theme,Tone
conflict,-3.3968401070072733
eco,-3.4125090841012264
env,-3.3598677523507496
health,-3.3934643559875535
social,-3.380444563358935
