Theme,Tone
conflict,0.3303234968154258
eco,0.33476715982928057
env,-0.045751341425941124
health,0.21516782793401437
social,0.5506169050774244
