Theme,Tone
conflict,-3.665981912426693
eco,-3.5956012678052653
env,-3.6352315564282045
health,-3.707066976127786
social,-3.6214376000384854
