Theme,Tone
conflict,-2.4837416823241063
eco,-2.424501865664664
env,-2.5548142762366783
health,-2.4488863906294127
social,-2.5092113083594922
