Theme,Tone
conflict,-1.0725075096857448
eco,-1.0088646549561942
env,-1.164604279494407
health,-1.0873229805882327
social,-1.0717091254245938
