Theme,Tone
conflict,-4.514187924776999
eco,-4.048338186193666
env,-4.414110737470229
health,-4.572113182213075
social,-4.311891166489161
