Theme,Tone
conflict,-3.8799143575544224
eco,-3.882893157190979
env,-3.863250555152766
health,-3.886494155123217
social,-3.846476150265361
