Theme,Tone
conflict,-2.2518874332085215
eco,-2.3245486419627137
env,-2.225928305477528
health,-2.2278293450631717
social,-2.263656316583801
