Theme,Tone
conflict,0.06583094233286145
eco,0.09062487224314653
env,0.18498183101306148
health,0.463708129226191
social,0.29735778775284716
