Theme,Tone
conflict,-3.718679086537062
eco,-3.6984758309272863
env,-3.7376969249502223
health,-3.751538860175069
social,-3.7362275218734693
