Theme,Tone
conflict,-2.3342208129442237
eco,-2.1802499559510213
env,-2.2244902275778835
health,-2.274396654173122
social,-2.3716516927076965
