Theme,Tone
conflict,-3.5191592002576297
eco,-3.572480550988618
env,-3.547517662182749
health,-3.5420901790190285
social,-3.5125535624233812
