Theme,Tone
conflict,-3.8902691227289394
eco,-3.8603071279779653
env,-3.8467206565689858
health,-3.8376400546236957
social,-3.8937798081839223
