Theme,Tone
conflict,-3.3424136272064633
eco,-3.027588991221868
env,-3.259762976806936
health,-3.1985969581923253
social,-3.2389649093775827
