Theme,Tone
conflict,-1.726970847007528
eco,-1.3893111214926261
env,-1.6802440565168746
health,-1.9301307290498484
social,-1.5911875185173385
