Theme,Tone
conflict,-3.3552191995478635
eco,-3.5049535678181143
env,-3.694319654260325
health,-3.3999913665845742
social,-3.428592399513445
