Theme,Tone
conflict,-3.7383191974889245
eco,-3.726584977232679
env,-3.8209917896899714
health,-3.8139877550716137
social,-3.7437475379336638
