Theme,Tone
conflict,-2.909962081709466
eco,-2.894842647237927
env,-2.978640566275313
health,-2.9222530529267523
social,-2.899017604108799
