Theme,Tone
conflict,-3.400827813345595
eco,-3.4539083256182144
env,-3.389090181994078
health,-3.4344702643316505
social,-3.393426353374376
