Theme,Tone
conflict,-1.0419285415369994
eco,-1.1255957967321257
env,-1.0267625316175004
health,-1.012652678557836
social,-1.013703424199201
