Theme,Tone
conflict,-3.6946271102345034
eco,-3.828075970261033
env,-3.616531953104554
health,-3.7477647025906746
social,-3.693542102134638
