Theme,Tone
conflict,-2.713959214648023
eco,-2.5012777580637753
env,-2.208433736850109
health,-3.181801362142254
social,-2.7444339147135373
