Theme,Tone
conflict,-2.6318907188489553
eco,-2.5383801924886966
env,-2.5655997828114194
health,-2.6170654231516504
social,-2.651208926249498
