Theme,Tone
conflict,-2.935403235930596
eco,-2.930556096112015
env,-2.911820547435014
health,-2.9251133345669964
social,-2.921304566191961
