Theme,Tone
conflict,-2.9062700867137474
eco,-2.8925905018025735
env,-2.9000345690622478
health,-2.90967680271426
social,-2.9119783487509756
