Theme,Tone
conflict,-3.5239141971111394
eco,-3.5811343252502037
env,-3.4376640558193436
health,-3.46512969730883
social,-3.520262421963129
