Theme,Tone
conflict,-1.3285430630000654
eco,-1.2305334263450778
env,-1.0593796340958008
health,-1.2279728257808002
social,-1.396162953696162
