Theme,Tone
conflict,-2.23335398400757
eco,-2.014575549461388
env,-2.071066568202293
health,-2.17507003296477
social,-2.2164462928631696
