Theme,Tone
conflict,-2.630182411292373
eco,-2.6920492033303987
env,-2.4474508205938457
health,-2.5086483326148477
social,-2.5845785960439525
