Theme,Tone
conflict,-2.512118966247402
eco,-2.4508297866503184
env,-2.6265287470674266
health,-2.548692523133875
social,-2.52387309110383
