Theme,Tone
conflict,-3.3730998502869376
eco,-3.3772015798277306
env,-3.358365943284707
health,-3.37401363085732
social,-3.3810326552114707
