Theme,Tone
conflict,-3.5950475541023934
eco,-3.628640805615419
env,-3.6138296717074057
health,-3.6347146719089802
social,-3.615067684633412
