Theme,Tone
conflict,-3.2427204956156053
eco,-3.230759148367304
env,-3.141719152448928
health,-3.2045374781213027
social,-3.245866739175515
