Theme,Tone
conflict,-1.7544466265390817
eco,-1.8400353396382438
env,-2.016034781112076
health,-1.8027109010097775
social,-1.6630745790166979
