Theme,Tone
conflict,-4.195197207436864
eco,-4.157604627475645
env,-4.230593940322742
health,-4.208549546587482
social,-4.1842573610604665
