Theme,Tone
conflict,-3.6995494536137006
eco,-3.6146200725438193
env,-3.5624036655142985
health,-3.726438618943226
social,-3.6484613972147213
