Theme,Tone
conflict,-2.6975730707819174
eco,-2.7421349740312926
env,-2.696686763788181
health,-2.6233477143028403
social,-2.673999421832685
