Theme,Tone
conflict,-3.1213454688374305
eco,-3.155779341863544
env,-2.988621886994422
health,-3.06917826350288
social,-3.060511847860555
