Theme,Tone
conflict,-3.0244698699020898
eco,-2.9970199680532845
env,-3.0724394854220196
health,-3.0725252087478583
social,-3.0473799728127955
