Theme,Tone
conflict,-3.5956763601181696
eco,-3.6016420551541577
env,-3.5943535882107143
health,-3.5717127620848426
social,-3.6047177792592775
