Theme,Tone
conflict,-3.8440636671446033
eco,-3.830426111639467
env,-3.813532091745956
health,-3.8282393478224543
social,-3.79735772577554
