Theme,Tone
conflict,-3.41491997391074
eco,-3.4758685209696427
env,-3.538307937322751
health,-3.5264186045952166
social,-3.4559437399046513
