Theme,Tone
conflict,-0.6078274671657917
eco,-0.5200999381822904
env,-0.4633950805765661
health,-0.5853138155987619
social,-0.5981042387584097
