Theme,Tone
conflict,-3.2561085393459583
eco,-3.278352360690366
env,-3.2697270988211273
health,-3.258907143620352
social,-3.2586444415789324
