Theme,Tone
conflict,-3.842878239552588
eco,-3.860652641822086
env,-3.7621512344906027
health,-3.8472337423856136
social,-3.820966809131616
