Theme,Tone
conflict,-4.100249557928928
eco,-3.9367100332131937
env,-3.8981653365009152
health,-4.171820855300375
social,-3.960924207738647
