Theme,Tone
conflict,-1.8666801367086188
eco,-1.5529625919998105
env,-1.7397822567251484
health,-1.8942169474123955
social,-1.866693495762949
