Theme,Tone
conflict,-2.61986674702529
eco,-2.6520622069482793
env,-2.6156135474286537
health,-2.5892175749567805
social,-2.640632788427784
