Theme,Tone
conflict,-2.605878370018955
eco,-2.5684405362686165
env,-2.577274959172839
health,-2.5989303845304925
social,-2.5783090671354136
