Theme,Tone
conflict,-2.810104576293032
eco,-2.7270844587543963
env,-2.7893726097393605
health,-2.880529675203018
social,-2.765916670888885
