Theme,Tone
conflict,-1.8444791971900707
eco,-1.8579975762209078
env,-1.81415671555923
health,-1.788420327627362
social,-1.793651658267117
