Theme,Tone
conflict,-2.7132462426257913
eco,-2.5348381695032454
env,-2.7310004583180265
health,-2.686886306264718
social,-2.704145360607187
