Theme,Tone
conflict,-2.243589784488671
eco,-2.258966905040764
env,-2.250442647601997
health,-2.243608286889175
social,-2.2354363174534195
