Theme,Tone
conflict,-4.461462136589921
eco,-4.477251015205014
env,-4.250994557918471
health,-4.47672524399545
social,-4.517845098239093
