Theme,Tone
conflict,-3.9307231454661737
eco,-3.9795157038481705
env,-3.8643163348238554
health,-3.924819099689796
social,-3.9423025582884805
