Theme,Tone
conflict,0.06511086902149799
eco,-0.0026331481772983592
env,-0.3586256730360565
health,0.004620531385462633
social,0.19691963718954048
