Theme,Tone
conflict,-3.2773554833003176
eco,-3.2782208636294587
env,-3.155321994819258
health,-3.2407963305930854
social,-3.333370601083055
