Theme,Tone
conflict,-3.6061922778961275
eco,-3.5398846877847374
env,-3.4105414754829386
health,-3.5570497652011523
social,-3.576778499891131
