Theme,Tone
conflict,-2.477391493163212
eco,-2.484709318504677
env,-2.499826097755145
health,-2.5210691236018876
social,-2.513621991039115
