Theme,Tone
conflict,-2.7649242911346406
eco,-2.773202340552138
env,-2.7363428856682486
health,-2.7660789516275814
social,-2.773927290436223
