Theme,count,avg_tone
conflict,6740.0,-3.0449550153458853
eco,2279.0,-2.9331186227695327
env,1833.0,-3.1206333078978137
health,3457.0,-3.03101144756822
social,4467.0,-3.063838278347963
