Theme,count,avg_tone
conflict,6394.0,-2.835966954664135
eco,2124.0,-2.847342598301129
env,1717.0,-2.887933735441117
health,3260.0,-2.847134598520781
social,4235.0,-2.871537923895912
