Theme,count,avg_tone
conflict,1050.0,-1.0419285415369994
eco,364.0,-1.1255957967321257
env,286.0,-1.0267625316175004
health,524.0,-1.012652678557836
social,668.0,-1.013703424199201
