Theme,count,avg_tone
conflict,16747.0,-3.3144817378017626
eco,5539.0,-3.314308330131943
env,4422.0,-3.3206587432881802
health,8468.0,-3.32128656825927
social,11131.0,-3.33155671533658
