Theme,count,avg_tone
conflict,4023.0,-2.512576481640938
eco,1383.0,-2.4458049940440674
env,1122.0,-2.459455646532374
health,2072.0,-2.5323889966375117
social,2692.0,-2.437153016593102
