Theme,count,avg_tone
conflict,10406.0,-3.056864777821493
eco,3521.0,-3.0420989201439617
env,2751.0,-3.0863855163351888
health,5356.0,-3.090302670584725
social,6875.0,-3.0552076332024383
