Theme,count,avg_tone
conflict,8641.0,-3.0903311713361394
eco,2859.0,-3.048714852820964
env,2248.0,-3.133769214804601
health,4452.0,-3.0922245872775798
social,5773.0,-3.039142317957889
