Theme,count,avg_tone
conflict,17336.0,-2.19103053621386
eco,5795.0,-2.115713491800509
env,4714.0,-2.186064765841093
health,8944.0,-2.2109232670256547
social,11578.0,-2.173047381731184
