Theme,count,avg_tone
conflict,5390.0,-2.596027010667485
eco,1787.0,-2.4980700025634923
env,1449.0,-2.5454462920125343
health,2733.0,-2.613692366893524
social,3489.0,-2.636560181917546
