Theme,count,avg_tone
conflict,2981.0,-3.5423970868241805
eco,980.0,-3.323321078669828
env,750.0,-3.4663243668672807
health,1556.0,-3.6314049959130146
social,2015.0,-3.4513922279914224
