Theme,count,avg_tone
conflict,28115.0,-3.95218639692642
eco,9425.0,-3.979416208259527
env,7664.0,-3.9985534252679824
health,14434.0,-3.977649262138097
social,18747.0,-3.9830856444865717
