Theme,count,avg_tone
conflict,7175.0,-2.6287286584251746
eco,2399.0,-2.575186850488099
env,1892.0,-2.655258104082524
health,3687.0,-2.643097275688933
social,4852.0,-2.6169666279060637
