Theme,count,avg_tone
conflict,1734.0,-3.574102172587802
eco,573.0,-3.5872152161353132
env,462.0,-3.386324412689339
health,864.0,-3.5624083477339155
social,1156.0,-3.5453186653224256
