Theme,count,avg_tone
conflict,2192.0,-3.8915461465335848
eco,719.0,-3.8985091916977166
env,579.0,-3.7530049522145306
health,1096.0,-3.853036802271285
social,1425.0,-3.8807167654688284
