Theme,count,avg_tone
conflict,3091.0,-3.480089637352638
eco,1046.0,-3.4416847205799823
env,800.0,-3.399256370331577
health,1599.0,-3.4473316880071336
social,2046.0,-3.4741795308201104
