Theme,count,avg_tone
conflict,1626.0,-3.067861160674866
eco,519.0,-3.0176968019490693
env,427.0,-3.141648804438041
health,825.0,-3.133990420160102
social,1103.0,-3.13771880663401
