Theme,count,avg_tone
conflict,13377.0,-2.222388244032516
eco,4500.0,-2.297815058658682
env,3532.0,-2.255903405293621
health,6897.0,-2.292189087586608
social,8918.0,-2.217352184859204
