Theme,count,avg_tone
conflict,148.0,0.3303234968154258
eco,50.0,0.33476715982928057
env,38.0,-0.045751341425941124
health,76.0,0.21516782793401437
social,87.0,0.5506169050774244
