Theme,count,avg_tone
conflict,6732.0,-2.8683721940900817
eco,2247.0,-2.9488897008016743
env,1775.0,-2.979760413080243
health,3415.0,-2.8971117705385123
social,4514.0,-2.860328954466574
