Theme,count,avg_tone
conflict,36872.0,-3.1264683195988736
eco,12176.0,-3.144812316712442
env,9816.0,-3.0954996274223743
health,18668.0,-3.1194224679584917
social,24595.0,-3.1252105010705424
