Theme,count,avg_tone
conflict,652.0,-1.5230320949302878
eco,206.0,-1.6098562228869864
env,183.0,-1.7372024752495652
health,312.0,-1.5725774229694116
social,433.0,-1.389005944396228
