Theme,count,avg_tone
conflict,1190.0,-2.8225168547998383
eco,411.0,-2.6868782078750515
env,327.0,-2.841018866696064
health,617.0,-2.7331949527304555
social,822.0,-2.8805034052313236
