Theme,count,avg_tone
conflict,1514.0,-2.7963729446014645
eco,478.0,-2.770827646475518
env,385.0,-2.92437738273539
health,781.0,-2.796094654488624
social,1033.0,-2.731533337929601
