Theme,count,avg_tone
conflict,1478.0,-3.281374069016731
eco,500.0,-3.074008324710575
env,405.0,-3.5488286156913054
health,735.0,-3.3604520037331165
social,968.0,-3.2631026137772285
