Theme,count,avg_tone
conflict,28843.0,-2.5317529108949124
eco,9540.0,-2.526068647327773
env,7683.0,-2.5444817457365905
health,14628.0,-2.552776416241991
social,19040.0,-2.5268634043540716
