Theme,count,avg_tone
conflict,1158.0,-3.0069455031856287
eco,405.0,-3.014871056607219
env,320.0,-2.8400995584957807
health,601.0,-2.9890104722938418
social,811.0,-2.9716478132347923
