Theme,count,avg_tone
conflict,1214.0,-2.7108356172662806
eco,382.0,-2.5421742403334577
env,331.0,-2.5683906555274323
health,620.0,-2.6921188287684137
social,781.0,-2.6211255390114516
