Theme,count,avg_tone
conflict,1642.0,-2.9964799357540137
eco,527.0,-3.0725291288896277
env,426.0,-3.2139691106433945
health,825.0,-2.95935023435931
social,1077.0,-3.030024496913584
