Theme,count,avg_tone
conflict,10579.0,-2.8711936061641
eco,3544.0,-2.8206995943407334
env,2864.0,-2.942098572066869
health,5375.0,-2.7992407042503546
social,7075.0,-2.8306181880498933
