Theme,count,avg_tone
conflict,6684.0,-2.460167528193583
eco,2265.0,-2.5178205596450063
env,1880.0,-2.4733785452253865
health,3380.0,-2.46026087961881
social,4465.0,-2.4797712070668294
