Theme,count,avg_tone
conflict,11871.0,-2.3178671145331284
eco,3923.0,-2.311679640511477
env,3247.0,-2.3092049774072367
health,6019.0,-2.3235595437495684
social,7791.0,-2.3070723885167244
