Theme,count,avg_tone
conflict,7136.0,-2.7058541553507727
eco,2339.0,-2.745721757270603
env,1863.0,-2.6594101880461087
health,3524.0,-2.6981829960078523
social,4737.0,-2.634524467703947
