Theme,count,avg_tone
conflict,34799.0,-3.709939107848682
eco,11352.0,-3.6812996124227673
env,9347.0,-3.7442202464922274
health,17560.0,-3.7105080650739413
social,23016.0,-3.710580116611902
