Theme,count,avg_tone
conflict,8969.0,-4.002082120216508
eco,3013.0,-3.983482634441516
env,2360.0,-4.024284512669812
health,4600.0,-4.044996487591193
social,6008.0,-3.9969393549527528
