Theme,count,avg_tone
conflict,25718.0,-2.231854563193371
eco,8537.0,-2.2106848651135396
env,6862.0,-2.2139109629211173
health,13114.0,-2.2500765426504525
social,17015.0,-2.247694460894218
