Theme,count,avg_tone
conflict,1200.0,-0.9205582915088137
eco,423.0,-1.027233933660245
env,298.0,-1.1852007937525852
health,614.0,-0.976007637811472
social,803.0,-0.9443465470551323
