Theme,count,avg_tone
conflict,13092.0,-2.8326865427490637
eco,4323.0,-2.7923802771663544
env,3411.0,-2.8408116744375733
health,6650.0,-2.8270684950316256
social,8763.0,-2.812633935854022
