Theme,count,avg_tone
conflict,817.0,-2.0038025077473187
eco,277.0,-1.8635182315367458
env,215.0,-1.697431124565257
health,393.0,-2.0426588234880425
social,536.0,-2.088874970727753
