Theme,count,avg_tone
conflict,10870.0,-1.616906904087767
eco,3715.0,-1.6701324831874116
env,2903.0,-1.6124621402259907
health,5594.0,-1.667157829620155
social,7252.0,-1.6434229121101525
