Theme,count,avg_tone
conflict,35392.0,-3.976206703252284
eco,11891.0,-4.021317215013165
env,9569.0,-4.010169280035882
health,18034.0,-4.009355216229042
social,23618.0,-3.9678641190643735
