Theme,count,avg_tone
conflict,17575.0,-3.494400269789085
eco,5813.0,-3.5108656271398213
env,4771.0,-3.5334178420552464
health,8800.0,-3.557405309093991
social,11551.0,-3.4679813032119924
