Theme,count,avg_tone
conflict,37490.0,-3.4678310771046736
eco,12373.0,-3.444744452137736
env,10071.0,-3.414529526995139
health,18960.0,-3.4689379818203845
social,24687.0,-3.4813903543499554
