Theme,count,avg_tone
conflict,213.0,-2.378627154772914
eco,67.0,-2.1422504161696754
env,51.0,-1.4808381289467785
health,99.0,-2.5422389708493864
social,140.0,-2.326769612037988
