Theme,count,avg_tone
conflict,1974.0,-3.0765162135009754
eco,649.0,-3.153689447411119
env,493.0,-3.050642186311456
health,968.0,-3.0043722683502296
social,1321.0,-3.046129443177676
