Theme,count,avg_tone
conflict,10136.0,-2.313102074118569
eco,3436.0,-2.294680501213928
env,2675.0,-2.308498057999667
health,5093.0,-2.301129356342639
social,6629.0,-2.307513621840572
