Theme,count,avg_tone
conflict,428.0,-1.8368967915323866
eco,139.0,-1.6267954045685826
env,119.0,-1.570745047213329
health,192.0,-1.791790599640411
social,286.0,-1.7025591157230648
