Theme,count,avg_tone
conflict,798.0,-0.7664558011048719
eco,252.0,-0.6061239722354629
env,207.0,-0.5617631076340455
health,412.0,-0.7232987713674306
social,534.0,-0.7607142891330247
