Theme,count,avg_tone
conflict,1881.0,-3.5934169000482394
eco,641.0,-3.747071251226405
env,494.0,-3.559216319457538
health,924.0,-3.541845705378096
social,1223.0,-3.712876337733156
