Theme,count,avg_tone
conflict,14463.0,-3.8799143575544224
eco,4735.0,-3.882893157190979
env,3930.0,-3.863250555152766
health,7390.0,-3.886494155123217
social,9598.0,-3.846476150265361
