Theme,Tone
conflict,-2.2543229660224884
eco,-2.2033708755123724
env,-2.2965832666088866
health,-2.268062984461072
social,-2.244152110639891
