Theme,Tone
conflict,-3.842129611739243
eco,-3.851273137010232
env,-3.852384083106754
health,-3.8538119430346978
social,-3.8511885748979107
