Theme,Tone
conflict,-1.7133735560472811
eco,-2.0037027370308502
env,-1.3580819325336007
health,-1.7033392403816825
social,-1.709189318090185
