Theme,Tone
conflict,-3.486017489228704
eco,-3.6609168158826138
env,-3.4150693179716396
health,-3.5090543051443133
social,-3.4593186331391763
