Theme,Tone
conflict,-2.959856810642968
eco,-2.9641046863358125
env,-2.90501364114436
health,-2.978412411838867
social,-2.978838604012474
