Theme,Tone
conflict,-4.041698688045354
eco,-4.063285435757245
env,-4.03690141545518
health,-4.04138667467945
social,-4.036761291447048
