Theme,Tone
conflict,-2.5915916344300918
eco,-2.522619683300196
env,-2.554746790494549
health,-2.554927824610844
social,-2.5852891991875775
