Theme,Tone
conflict,-2.741323920696095
eco,-2.689706921676089
env,-2.654550150873777
health,-2.7772217283199443
social,-2.7384531640496967
