Theme,Tone
conflict,-2.8864899424620845
eco,-2.892949267021407
env,-2.8486163724970903
health,-2.874855487913511
social,-2.9183696093800835
