Theme,Tone
conflict,-3.2748726041263767
eco,-3.1702575560041124
env,-3.5461958365757758
health,-3.241398991502836
social,-3.2253174251558527
