Theme,Tone
conflict,-3.4249142968920157
eco,-3.420475031015806
env,-3.462957480545803
health,-3.436755467117833
social,-3.4431909324201717
