Theme,Tone
conflict,-3.7578235085636367
eco,-3.8360098588717078
env,-3.7993262840828916
health,-3.8118204246545218
social,-3.7785034161347992
