Theme,Tone
conflict,-2.6888429037912913
eco,-2.686423123313958
env,-2.7070632842532265
health,-2.702555321826077
social,-2.7094385587559042
