Theme,Tone
conflict,-3.827250217668529
eco,-3.8040360561501863
env,-3.7843353907708313
health,-3.7433366339068086
social,-3.8656193351031796
