Theme,Tone
conflict,-3.2795819747850206
eco,-3.457657648142724
env,-3.316449950706116
health,-3.3642772659215017
social,-3.2158604328763665
