Theme,Tone
conflict,-3.6011837933016735
eco,-3.5741944795238867
env,-3.564398864032684
health,-3.6116817516471604
social,-3.6064328780472548
