Theme,Tone
conflict,-3.827731472612583
eco,-3.7987530564468166
env,-3.7854020167392943
health,-3.854575980860973
social,-3.797380786306884
