Theme,Tone
conflict,-3.5791193718453025
eco,-3.6243161206312515
env,-3.6061985856556107
health,-3.672457961593357
social,-3.5007850566015986
