Theme,Tone
conflict,-2.9352242815439045
eco,-2.950368253778904
env,-2.9550053982449884
health,-2.942983429397029
social,-2.9424734801962633
