Theme,Tone
conflict,0.6602866859709965
eco,1.3131486087497046
env,1.5492316455510924
health,0.556233460223417
social,0.6137109270267624
