Theme,Tone
conflict,-1.761936805199281
eco,-1.7546229282388153
env,-1.7472494669834067
health,-1.7363137440661491
social,-1.7419061246840903
