Theme,Tone
conflict,-3.526928759580574
eco,-3.499622717748745
env,-3.3619131676383702
health,-3.482649354155496
social,-3.559226024471749
