Theme,Tone
conflict,-3.638416569175492
eco,-3.5490363935730453
env,-3.6000712469287985
health,-3.655737471423963
social,-3.6206300513779484
