Theme,Tone
conflict,-2.880407910294255
eco,-2.882552479054523
env,-2.8690335132002525
health,-2.8846623609464834
social,-2.855337302430027
