Theme,Tone
conflict,-3.923135410766789
eco,-3.9088620313225126
env,-3.9662557517531094
health,-3.995886123717163
social,-3.940523354864809
