Theme,Tone
conflict,-3.017640301336102
eco,-3.1217068221484414
env,-3.025743573425775
health,-2.9914741357500296
social,-3.0206975796676776
