Theme,Tone
conflict,-3.244559614524551
eco,-3.285238510587458
env,-3.3168371627821416
health,-3.3013707229618223
social,-3.289431421656256
