Theme,Tone
conflict,-3.2974552913123585
eco,-3.1911902775132255
env,-3.3463308532769664
health,-3.312273438458229
social,-3.297919876743827
