Theme,Tone
conflict,-3.831082930503051
eco,-3.5468931364739693
env,-3.7010911737602883
health,-3.917742464608312
social,-3.703420388420573
