Theme,Tone
conflict,-2.0996619596715576
eco,-2.080968450514026
env,-2.069490699319679
health,-2.099766407815274
social,-2.1192552103745426
