Theme,Tone
conflict,-1.577239391800098
eco,-1.495370009671961
env,-1.6583518179245034
health,-1.5350451766640878
social,-1.5393582986944605
