Theme,Tone
conflict,-0.5375015420992039
eco,-0.3857983934245011
env,-0.21150368698192906
health,-0.3769913617544767
social,-0.5126959663702376
