Theme,Tone
conflict,-3.59450745768186
eco,-3.531484854060793
env,-3.6070517653073497
health,-3.6068259199953916
social,-3.581456861556847
