Theme,Tone
conflict,-2.4780324126032784
eco,-2.3927767043476886
env,-2.3218441591193755
health,-2.231386137319959
social,-2.4224220451755882
