Theme,Tone
conflict,-3.3467048883950983
eco,-3.409373464224304
env,-3.600120726119885
health,-3.351927256847827
social,-3.3789636902419202
