Theme,Tone
conflict,-2.430066962571113
eco,-2.3616792795659403
env,-2.3283905727451564
health,-2.419901483468881
social,-2.3741287165947416
