Theme,Tone
conflict,-2.6466168525754963
eco,-2.586516801846676
env,-2.5436524751358287
health,-2.5753086518991775
social,-2.674332772220007
