Theme,Tone
conflict,-3.3037197846116158
eco,-3.460634830225716
env,-3.3527244077620257
health,-3.3742720221397944
social,-3.4412549617873767
