Theme,Tone
conflict,-2.7172848263023845
eco,-2.696508948479712
env,-2.7995443884949536
health,-2.7507902185635746
social,-2.7143072209043155
