Theme,Tone
conflict,-3.591800794466312
eco,-3.7661792064314747
env,-3.629979345718001
health,-3.553468870608097
social,-3.5509332996163607
