Theme,Tone
conflict,-4.117840211878446
eco,-3.8451969458404958
env,-4.291772625118666
health,-4.1694819885539545
social,-4.0833581683906885
