Theme,Tone
conflict,-1.7116823719075278
eco,-1.4386062001230915
env,-1.7815864200516094
health,-1.661457419244215
social,-1.8478746212770936
