Theme,Tone
conflict,-3.03988826652723
eco,-3.049154524532787
env,-3.06536097333434
health,-3.0882062627765032
social,-3.114715524114544
