Theme,Tone
conflict,-3.936609976229215
eco,-3.847945946305304
env,-3.7022008942367255
health,-3.837108383189289
social,-3.95612555642713
