Theme,Tone
conflict,-3.3146238751358976
eco,-3.31852385581994
env,-3.29980039320231
health,-3.2921536445043205
social,-3.292182177723006
