Theme,Tone
conflict,-3.8530798222519285
eco,-3.7977431637965235
env,-4.004706540523636
health,-3.789817102129089
social,-3.937107410002546
