Theme,Tone
conflict,-2.242459244087136
eco,-2.285892281438773
env,-2.231977975868673
health,-2.172275753127492
social,-2.205190170814454
