Theme,Tone
conflict,-3.976206703252284
eco,-4.021317215013165
env,-4.010169280035882
health,-4.009355216229042
social,-3.9678641190643735
