Theme,Tone
conflict,-3.066570401042499
eco,-3.134041996744678
env,-3.0083768631108243
health,-3.0383917308856923
social,-3.0460723777161562
