Theme,Tone
conflict,-3.2577860806194594
eco,-3.2364956943512384
env,-3.4220333239495764
health,-3.3008098779512327
social,-3.3576025467285326
