Theme,Tone
conflict,-2.4891837600007616
eco,-2.4435343785787356
env,-2.469835440200677
health,-2.458748433698188
social,-2.478379079511476
