Theme,Tone
conflict,-3.067861160674866
eco,-3.0176968019490693
env,-3.141648804438041
health,-3.133990420160102
social,-3.13771880663401
