Theme,Tone
conflict,-2.2222384104408492
eco,-2.438772622848263
env,-2.257460912173148
health,-2.1589744358457215
social,-2.270282808255458
