Theme,count,avg_tone
conflict,5801.0,-3.595935181573775
eco,1956.0,-3.624534321862458
env,1563.0,-3.615321810912282
health,2967.0,-3.5633229699718916
social,3871.0,-3.640635874514185
