Theme,count,avg_tone
conflict,4643.0,-3.025805522443756
eco,1547.0,-3.0352702092260007
env,1255.0,-2.967057860517899
health,2398.0,-3.020419790136955
social,3054.0,-3.0305762505851277
