Theme,count,avg_tone
conflict,715.0,-1.2499985361706412
eco,232.0,-1.2330700318322874
env,206.0,-1.5099394516183084
health,367.0,-1.218230193675953
social,480.0,-1.2862294624728148
