Theme,count,avg_tone
conflict,382.0,-1.32971111183791
eco,131.0,-1.0227028459405039
env,100.0,-0.8239086979959521
health,209.0,-1.239812030051985
social,259.0,-1.2971803307194427
