Theme,count,avg_tone
conflict,11805.0,-3.656855285189053
eco,3892.0,-3.6675530262772993
env,3163.0,-3.655392317818911
health,6021.0,-3.6375405300156594
social,7767.0,-3.674040716212815
