Theme,count,avg_tone
conflict,9636.0,-3.3806756343076287
eco,3195.0,-3.3087137482085947
env,2562.0,-3.4114440796997028
health,4849.0,-3.33906584434729
social,6332.0,-3.3934588890745534
