Theme,count,avg_tone
conflict,7560.0,-3.7929568671467946
eco,2500.0,-3.854349086721436
env,2070.0,-3.751659768999043
health,3842.0,-3.7880936384437387
social,5027.0,-3.7865182293721387
