Theme,count,avg_tone
conflict,14553.0,-2.210088302124968
eco,4928.0,-2.2444785653739845
env,3927.0,-2.296031416507527
health,7461.0,-2.215877132231473
social,9742.0,-2.2491682109047555
