Theme,count,avg_tone
conflict,5052.0,-3.1460991424747164
eco,1692.0,-3.0848649418253316
env,1388.0,-3.065175313295158
health,2539.0,-3.1666622782694644
social,3326.0,-3.097847627484325
