Theme,count,avg_tone
conflict,2496.0,-4.2166726924107065
eco,855.0,-4.01838931690228
env,673.0,-4.081310319073389
health,1320.0,-4.149793909464427
social,1651.0,-4.16983959227768
