Theme,count,avg_tone
conflict,21071.0,-4.555376515578357
eco,7029.0,-4.573411590819751
env,5660.0,-4.558489143909369
health,10794.0,-4.578231230816225
social,13919.0,-4.588976479673727
