Theme,count,avg_tone
conflict,6718.0,-2.900949938281412
eco,2225.0,-2.902489488713989
env,1802.0,-2.9253666765839115
health,3469.0,-2.884721198171866
social,4480.0,-2.943805772258375
