Theme,count,avg_tone
conflict,1648.0,-3.326238237934835
eco,563.0,-3.347548629134693
env,421.0,-3.3115495131464883
health,814.0,-3.305826217019506
social,1116.0,-3.1846772685700855
