Theme,count,avg_tone
conflict,2330.0,-3.920918896018992
eco,800.0,-3.9560571534504443
env,641.0,-3.6881294140446728
health,1192.0,-3.9242124622136925
social,1580.0,-3.9947464918546736
