Theme,count,avg_tone
conflict,2707.0,-3.860196891632072
eco,899.0,-3.6786503441216576
env,718.0,-3.78828465313691
health,1398.0,-3.9149058476967804
social,1829.0,-3.915509887801831
