Theme,count,avg_tone
conflict,2239.0,-2.5543402358612695
eco,782.0,-2.5595081298020754
env,646.0,-2.85218668259781
health,1184.0,-2.672137281225032
social,1492.0,-2.6536524132801502
