Theme,count,avg_tone
conflict,11948.0,-2.4615150562060335
eco,3991.0,-2.5257771680407415
env,3237.0,-2.492315388205484
health,6055.0,-2.4780525086168135
social,7915.0,-2.4806105999799213
