Theme,count,avg_tone
conflict,147.0,-0.468983747845144
eco,51.0,-0.5171691074129969
env,30.0,-0.8111852969660848
health,76.0,-0.7631818385516427
social,93.0,-0.4809286529467715
