Theme,count,avg_tone
conflict,4874.0,-2.96189935565817
eco,1662.0,-2.9903719471185863
env,1308.0,-2.9699775973279783
health,2530.0,-3.013460914761649
social,3282.0,-2.9687590752682733
