Theme,count,avg_tone
conflict,25591.0,-3.3776285470829226
eco,8555.0,-3.35235676959421
env,6903.0,-3.3280220178950835
health,12827.0,-3.3800333667391245
social,16761.0,-3.3790205584283632
