Theme,count,avg_tone
conflict,698.0,-1.7655990809111493
eco,211.0,-1.8973652465515192
env,204.0,-1.5792819508831295
health,363.0,-1.8315458503211182
social,488.0,-1.6371519343763425
