Theme,count,avg_tone
conflict,1131.0,-3.41491997391074
eco,401.0,-3.4758685209696427
env,298.0,-3.538307937322751
health,597.0,-3.5264186045952166
social,748.0,-3.4559437399046513
