Theme,count,avg_tone
conflict,1117.0,-4.480075791152306
eco,367.0,-4.586581433171347
env,318.0,-4.613041458798585
health,524.0,-4.494274288097642
social,768.0,-4.507053483242951
