Theme,count,avg_tone
conflict,20646.0,-2.9062700867137474
eco,6671.0,-2.8925905018025735
env,5598.0,-2.9000345690622478
health,10507.0,-2.90967680271426
social,13599.0,-2.9119783487509756
