Theme,count,avg_tone
conflict,1188.0,-4.115216466011152
eco,425.0,-3.921473109111556
env,300.0,-4.103378217802439
health,604.0,-4.19350454231407
social,808.0,-4.193905903433594
