Theme,count,avg_tone
conflict,611.0,-4.220571661723159
eco,201.0,-3.854097730809847
env,176.0,-4.3129943122662615
health,342.0,-4.361455743770838
social,398.0,-4.188458347094484
