Theme,count,avg_tone
conflict,835.0,-3.7954128957409057
eco,265.0,-3.695333040553028
env,209.0,-3.949313199695819
health,434.0,-3.83973260477526
social,545.0,-3.8096890532478094
