Theme,count,avg_tone
conflict,1576.0,-3.531710743238468
eco,534.0,-3.54916825426419
env,405.0,-3.3584757999573394
health,806.0,-3.549231050121229
social,1090.0,-3.4753219508582363
