Theme,count,avg_tone
conflict,8052.0,-3.1638234830349647
eco,2697.0,-3.2257032177483955
env,2202.0,-3.1760469079419242
health,4012.0,-3.2154385576641187
social,5321.0,-3.174426773732999
