Theme,count,avg_tone
conflict,4635.0,-2.736545695031702
eco,1659.0,-2.758386235297167
env,1263.0,-2.832675967828283
health,2326.0,-2.748612726787052
social,3073.0,-2.7453034353158103
