Theme,count,avg_tone
conflict,10470.0,-2.9332676539135
eco,3612.0,-2.92295118575078
env,2811.0,-2.851073047607164
health,5259.0,-2.895701327033241
social,6920.0,-2.9111657084696603
