Theme,count,avg_tone
conflict,26676.0,-3.9485794538882555
eco,9002.0,-3.9205098421756084
env,7203.0,-3.9871948993423874
health,13701.0,-3.956803671354176
social,17766.0,-3.936569571650181
