Theme,count,avg_tone
conflict,7242.0,-4.114599253774394
eco,2467.0,-4.119276442542142
env,1938.0,-4.143960855300313
health,3711.0,-4.136076796847657
social,4840.0,-4.141486610013366
