Theme,count,avg_tone
conflict,17178.0,-2.7035358436467622
eco,5767.0,-2.74597456060304
env,4688.0,-2.6905314876451385
health,8728.0,-2.722226473973915
social,11462.0,-2.692649842602597
