Theme,count,avg_tone
conflict,1191.0,-1.4552465462948967
eco,412.0,-1.4603110955572263
env,323.0,-1.5329065249677134
health,615.0,-1.3289711553516865
social,814.0,-1.499593911810921
