Theme,count,avg_tone
conflict,599.0,-2.775551944083006
eco,205.0,-2.718456092707709
env,142.0,-2.6393492408112076
health,310.0,-2.6554018359238283
social,423.0,-2.6158508057846466
