Theme,count,avg_tone
conflict,9726.0,-2.86135214576325
eco,3244.0,-2.82427595955981
env,2584.0,-2.825537144037632
health,4995.0,-2.9169238362137464
social,6410.0,-2.8384450753847665
