Theme,count,avg_tone
conflict,29969.0,-4.401175548469813
eco,9985.0,-4.408342736461709
env,8062.0,-4.3956313985792175
health,15287.0,-4.402981426586962
social,19746.0,-4.3921191473244905
