Theme,count,avg_tone
conflict,6549.0,-4.195197207436864
eco,2234.0,-4.157604627475645
env,1762.0,-4.230593940322742
health,3408.0,-4.208549546587482
social,4377.0,-4.1842573610604665
