Theme,count,avg_tone
conflict,23348.0,-3.775554233082569
eco,7621.0,-3.827749227146514
env,6376.0,-3.8506559275805485
health,11790.0,-3.8064584580462624
social,15337.0,-3.7616012576968343
