Theme,count,avg_tone
conflict,66.0,-2.5395766556176436
eco,22.0,-2.4995757974196118
env,22.0,-3.006739691333593
health,41.0,-2.4242632252880716
social,51.0,-2.1781173294427614
