Theme,count,avg_tone
conflict,1883.0,-2.944261243848738
eco,661.0,-3.0905610349657944
env,513.0,-3.0206245922079256
health,972.0,-2.9764410336329767
social,1255.0,-3.0206449747870985
