Theme,count,avg_tone
conflict,7928.0,-2.44040473259385
eco,2659.0,-2.4332884616162196
env,2171.0,-2.360172254241388
health,4007.0,-2.441150293976391
social,5326.0,-2.4557351078554066
