Theme,count,avg_tone
conflict,393.0,-1.5707905772515995
eco,122.0,-1.5017347998782684
env,101.0,-1.511676494080153
health,191.0,-1.5253972758597147
social,264.0,-1.619075436968214
