Theme,count,avg_tone
conflict,739.0,-0.5375015420992039
eco,245.0,-0.3857983934245011
env,189.0,-0.21150368698192906
health,387.0,-0.3769913617544767
social,480.0,-0.5126959663702376
