Theme,count,avg_tone
conflict,1668.0,-3.5484499578310396
eco,561.0,-3.443263034722519
env,428.0,-3.7481555374938313
health,805.0,-3.58623271913284
social,1115.0,-3.529406802786468
