Theme,count,avg_tone
conflict,11620.0,-4.427098694794301
eco,3875.0,-4.432012707121357
env,3084.0,-4.444858796574509
health,6024.0,-4.434310713139619
social,7697.0,-4.457237989811234
