Theme,Tone
conflict,-2.347627206726331
eco,-2.3448569911593578
env,-2.3878310741107627
health,-2.351289710621672
social,-2.3813961416160554
