Theme,Tone
conflict,-2.4615150562060335
eco,-2.5257771680407415
env,-2.492315388205484
health,-2.4780525086168135
social,-2.4806105999799213
