Theme,Tone
conflict,-2.77677295585309
eco,-2.7629569330266888
env,-2.7774729241122924
health,-2.776078549357304
social,-2.7742667010585653
