Theme,Tone
conflict,-2.775551944083006
eco,-2.718456092707709
env,-2.6393492408112076
health,-2.6554018359238283
social,-2.6158508057846466
