Theme,Tone
conflict,-2.506555633034089
eco,-2.5538512355991667
env,-2.404755816628155
health,-2.5363414061173115
social,-2.4666181851801148
