Theme,Tone
conflict,-3.6091370217599708
eco,-3.6113268938393914
env,-3.694608186875054
health,-3.585676486206336
social,-3.5970914347062286
