Theme,Tone
conflict,-3.4361621224652406
eco,-3.447875929809902
env,-3.3802712351333244
health,-3.425774990450378
social,-3.4539706431950385
