Theme,Tone
conflict,-2.201245238070324
eco,-2.2309856228396865
env,-2.2417293782598495
health,-2.202216464850723
social,-2.21082565851741
