Theme,Tone
conflict,-2.0038025077473187
eco,-1.8635182315367458
env,-1.697431124565257
health,-2.0426588234880425
social,-2.088874970727753
