Theme,Tone
conflict,-2.835396298565395
eco,-2.697798733745165
env,-3.2120881449839787
health,-2.9681592399247423
social,-2.685655102869361
