Theme,Tone
conflict,-3.315120663368946
eco,-3.346909338957889
env,-3.254019889707172
health,-3.3238658415127844
social,-3.3868656493851046
