Theme,Tone
conflict,-3.4174567112625307
eco,-3.5018501225490195
env,-3.4475395292290325
health,-3.5523462832651336
social,-3.3515565185221585
