Theme,Tone
conflict,-2.6781440715310096
eco,-2.5899042013682516
env,-2.701154672741741
health,-2.696566607891984
social,-2.7684278399208333
