Theme,Tone
conflict,-4.085508402651913
eco,-4.08048856870057
env,-4.076456799158901
health,-4.085622998976101
social,-4.032774053074914
