Theme,Tone
conflict,-3.782874665705451
eco,-3.808834979468055
env,-3.7597579567031305
health,-3.779372343125404
social,-3.7531011606503992
