Theme,Tone
conflict,-2.9100155309514464
eco,-2.923086787775986
env,-2.904732675960015
health,-2.9080166532648417
social,-2.899781340275583
