Theme,Tone
conflict,-2.9849541668611215
eco,-3.0750923380924684
env,-2.9374659191249854
health,-3.005289757037787
social,-2.9965970718927566
