Theme,Tone
conflict,-3.180538746100274
eco,-3.2721523662451175
env,-3.216335343171094
health,-3.1862843000374457
social,-3.2398758936957495
