Theme,Tone
conflict,-4.555376515578357
eco,-4.573411590819751
env,-4.558489143909369
health,-4.578231230816225
social,-4.588976479673727
