Theme,Tone
conflict,-3.528253874819429
eco,-3.4533002950900444
env,-3.580105127249239
health,-3.565192696100599
social,-3.5460342496378496
