Theme,Tone
conflict,-3.3806756343076287
eco,-3.3087137482085947
env,-3.4114440796997028
health,-3.33906584434729
social,-3.3934588890745534
