Theme,Tone
conflict,-3.275465165710203
eco,-3.395893260249639
env,-3.3733476343035633
health,-3.2580749867761147
social,-3.274285339905314
