Theme,Tone
conflict,-2.96189935565817
eco,-2.9903719471185863
env,-2.9699775973279783
health,-3.013460914761649
social,-2.9687590752682733
