Theme,Tone
conflict,-2.7765283787741706
eco,-2.7672673275627795
env,-2.807100670100491
health,-2.7933732989605495
social,-2.7460663133475434
