Theme,Tone
conflict,-3.301616604409227
eco,-3.3987184179704677
env,-3.2521578644082796
health,-3.3313615290014567
social,-3.2936516706822254
