Theme,Tone
conflict,-3.0470445840058
eco,-2.9903048856010925
env,-3.2507837622650113
health,-2.957846122792663
social,-3.018296458262285
