Theme,Tone
conflict,-2.4841029518303492
eco,-2.528406278660527
env,-2.490366059282374
health,-2.456334548226181
social,-2.5037664520541507
