Theme,Tone
conflict,-1.0901859346632412
eco,-1.0078863296392804
env,-1.0447004515811886
health,-1.1920977254704381
social,-1.0941664760594982
