Theme,Tone
conflict,-2.582040702948046
eco,-2.5726719611236097
env,-2.5549279111034546
health,-2.5615496839877236
social,-2.5680360366826958
