Theme,Tone
conflict,-2.6825501121216244
eco,-2.674548731940094
env,-2.6862836456720887
health,-2.67033174356939
social,-2.6719013357085344
