Theme,Tone
conflict,-2.5153048570801446
eco,-2.524787990605081
env,-2.551739968867975
health,-2.528036537743801
social,-2.51392859868602
