Theme,Tone
conflict,-2.4233254258410133
eco,-2.2460204378554898
env,-2.436170973541544
health,-2.392415037143101
social,-2.5623664197210374
