Theme,Tone
conflict,-2.6920881685744122
eco,-2.6026937788927085
env,-2.6767981388925017
health,-2.72956746447704
social,-2.6676599935523866
