Theme,Tone
conflict,-2.370256575145574
eco,-2.6460139404068257
env,-2.190094371998705
health,-2.621216064653159
social,-2.4948871027476542
