Theme,Tone
conflict,-3.3326728153522485
eco,-3.3939365155722303
env,-3.4036002571365027
health,-3.3859330907327196
social,-3.336790887781735
