Theme,Tone
conflict,-2.9563886943320936
eco,-3.0645371253407903
env,-3.0682940502733342
health,-3.064267874298807
social,-2.9664263636441186
