Theme,Tone
conflict,-4.269316169473304
eco,-4.288973455248661
env,-4.313270081105489
health,-4.27993977961598
social,-4.269627620927328
