Theme,Tone
conflict,-2.724511211511475
eco,-2.638224878811157
env,-2.590723272242015
health,-2.7231570875955935
social,-2.724941546048112
