Theme,Tone
conflict,-3.5982037539629994
eco,-3.550016217120025
env,-3.4937082204216456
health,-3.5562408497829785
social,-3.6210604521699437
