Theme,Tone
conflict,-0.48370599449653445
eco,-0.3878900794954129
env,-1.8699545654007748
health,-0.8387823042826127
social,-0.5999274637216789
