Theme,Tone
conflict,-2.734107860457065
eco,-2.740431189466323
env,-2.720517202859002
health,-2.736671386593202
social,-2.732101835588352
