Theme,Tone
conflict,-2.596027010667485
eco,-2.4980700025634923
env,-2.5454462920125343
health,-2.613692366893524
social,-2.636560181917546
