Theme,Tone
conflict,-3.7886079431965625
eco,-3.7759680198646697
env,-3.7513300787031203
health,-3.77492996275946
social,-3.7869759885174674
