Theme,Tone
conflict,-2.900949938281412
eco,-2.902489488713989
env,-2.9253666765839115
health,-2.884721198171866
social,-2.943805772258375
