Theme,Tone
conflict,-1.6743269418000257
eco,-1.673875568711664
env,-1.6935540195463243
health,-1.6532626035092446
social,-1.6527987072405328
