Theme,Tone
conflict,-2.7108356172662806
eco,-2.5421742403334577
env,-2.5683906555274323
health,-2.6921188287684137
social,-2.6211255390114516
