Theme,Tone
conflict,-2.512576481640938
eco,-2.4458049940440674
env,-2.459455646532374
health,-2.5323889966375117
social,-2.437153016593102
