Theme,Tone
conflict,-2.4693948042604843
eco,-2.4734747682246323
env,-2.476179077950795
health,-2.487007516295494
social,-2.4870594325010176
