Theme,Tone
conflict,-2.686122237447168
eco,-2.7564306179239177
env,-2.7152430559941076
health,-2.7310473824100994
social,-2.6994129020668742
