Theme,Tone
conflict,-2.789422117909284
eco,-2.7811494191923165
env,-2.82890363136762
health,-2.756848396787343
social,-2.7873018600961794
