Theme,Tone
conflict,-3.3144817378017626
eco,-3.314308330131943
env,-3.3206587432881802
health,-3.32128656825927
social,-3.33155671533658
