Theme,Tone
conflict,-2.069205082849396
eco,-2.79638309248222
env,-2.2446350468319283
health,-1.9932738207501457
social,-1.4299405747591907
