Theme,Tone
conflict,-4.220571661723159
eco,-3.854097730809847
env,-4.3129943122662615
health,-4.361455743770838
social,-4.188458347094484
