Theme,Tone
conflict,-3.3286653025021122
eco,-3.364774305960802
env,-3.2833514896938207
health,-3.290923936292179
social,-3.322544807938972
