Theme,Tone
conflict,-3.0708333418585103
eco,-3.051677367404831
env,-3.0327027471603447
health,-3.09387867615382
social,-3.052231276514045
