Theme,Tone
conflict,-3.8273479814618936
eco,-3.724079051655844
env,-3.813567805968791
health,-3.8386171030408898
social,-3.7955369032001367
