Theme,Tone
conflict,-2.3270709007653343
eco,-2.282797389560665
env,-2.3853525767089137
health,-2.267039290878042
social,-2.319741857646005
