Theme,Tone
conflict,-3.167068555257367
eco,-3.17111324503636
env,-3.2523555426571593
health,-3.171161465971392
social,-3.1719928650916795
