Theme,Tone
conflict,-2.328790025745865
eco,-2.416962833962351
env,-2.2973470186942944
health,-2.3944841590916996
social,-2.3265311567037763
