Theme,Tone
conflict,-2.231854563193371
eco,-2.2106848651135396
env,-2.2139109629211173
health,-2.2500765426504525
social,-2.247694460894218
