Theme,Tone
conflict,-3.2774452976128443
eco,-3.2920209404278147
env,-3.226627178730303
health,-3.307815626144912
social,-3.272661038174338
