Theme,Tone
conflict,-3.6074899775584726
eco,-3.6288622748000723
env,-3.6765896027902323
health,-3.68049526916584
social,-3.643143479640898
