Theme,Tone
conflict,-3.860196891632072
eco,-3.6786503441216576
env,-3.78828465313691
health,-3.9149058476967804
social,-3.915509887801831
