Theme,Tone
conflict,-3.5714578406977155
eco,-3.6095122494781675
env,-3.6838320474444766
health,-3.6630105171131633
social,-3.5854827187349234
