Theme,Tone
conflict,-3.8787362810514545
eco,-4.009143642321687
env,-3.7512580497941
health,-3.9473211161843516
social,-3.9198393960827356
