Theme,Tone
conflict,-2.4050969746796813
eco,-2.3754372293991657
env,-2.347772017756907
health,-2.4469735931560064
social,-2.3852599195465567
