Theme,Tone
conflict,-3.573195063062322
eco,-3.5639650856445564
env,-3.493601352297892
health,-3.5562071991052226
social,-3.5862619910396965
