Theme,Tone
conflict,-3.3222424172472693
eco,-3.2506199621439573
env,-3.5450592678265527
health,-3.2965638286337406
social,-3.292079294135821
