Theme,Tone
conflict,-1.8198213842242854
eco,-1.1871940610407932
env,-2.355897493037401
health,-1.9286827084133205
social,-1.4536674386425092
