Theme,Tone
conflict,-2.7958658116587327
eco,-2.8751926039890456
env,-2.8575203290008546
health,-2.7541177849589227
social,-2.752622802496362
