Theme,Tone
conflict,-2.7661436223368185
eco,-2.6560432526052185
env,-2.8168308937466424
health,-2.8235461035155742
social,-2.745055812716785
