Theme,Tone
conflict,-4.115216466011152
eco,-3.921473109111556
env,-4.103378217802439
health,-4.19350454231407
social,-4.193905903433594
