Theme,Tone
conflict,-2.564990754901158
eco,-2.4766325470305204
env,-2.557410231302445
health,-2.5414904354692913
social,-2.5291118082748234
