Theme,Tone
conflict,-4.114599253774394
eco,-4.119276442542142
env,-4.143960855300313
health,-4.136076796847657
social,-4.141486610013366
