Theme,Tone
conflict,-3.95218639692642
eco,-3.979416208259527
env,-3.9985534252679824
health,-3.977649262138097
social,-3.9830856444865717
