Theme,Tone
conflict,-2.835966954664135
eco,-2.847342598301129
env,-2.887933735441117
health,-2.847134598520781
social,-2.871537923895912
