Theme,Tone
conflict,-3.6585092058670576
eco,-3.79900769746303
env,-3.6765977512210717
health,-3.646108091231363
social,-3.6717313111500425
