Theme,Tone
conflict,-3.5876782302323322
eco,-3.5515157688911096
env,-3.4873514882559506
health,-3.5626846405057657
social,-3.599643498098158
