Theme,Tone
conflict,-2.7231492617514648
eco,-2.7583241384475317
env,-2.7206189246559473
health,-2.7055528996645712
social,-2.7141804860877854
