Theme,Tone
conflict,-1.4913261622491447
eco,-1.4199213776633277
env,-1.649275378525629
health,-1.4765680387925273
social,-1.57654043084371
