Theme,Tone
conflict,-2.944261243848738
eco,-3.0905610349657944
env,-3.0206245922079256
health,-2.9764410336329767
social,-3.0206449747870985
