Theme,Tone
conflict,-4.480075791152306
eco,-4.586581433171347
env,-4.613041458798585
health,-4.494274288097642
social,-4.507053483242951
