Theme,Tone
conflict,-1.2652326622708336
eco,-1.003108872906923
env,-1.577365932904753
health,-1.4200333696375838
social,-1.0587774293955543
