Theme,Tone
conflict,-3.0276276659683448
eco,-2.895753680298146
env,-2.975484733010569
health,-2.9527355162476585
social,-3.0067633207785143
