Theme,Tone
conflict,-3.5927869015034894
eco,-3.5856584200664545
env,-3.534792210402039
health,-3.5784717368131482
social,-3.6053777718199855
