Theme,Tone
conflict,-4.427098694794301
eco,-4.432012707121357
env,-4.444858796574509
health,-4.434310713139619
social,-4.457237989811234
