Theme,Tone
conflict,-1.0720768047864155
eco,-1.0284876686366773
env,-1.8383976127824886
health,-1.2272945732477647
social,-0.8157838619504187
