Theme,Tone
conflict,-3.8345593829300215
eco,-3.9390747203460266
env,-3.8928129639289017
health,-3.7608340479739413
social,-3.8652486618648183
