Theme,Tone
conflict,-2.933470670469225
eco,-2.9751139772526782
env,-2.9222568667824693
health,-2.890136553511433
social,-2.913772833041274
