Theme,Tone
conflict,-2.44040473259385
eco,-2.4332884616162196
env,-2.360172254241388
health,-2.441150293976391
social,-2.4557351078554066
