Theme,Tone
conflict,-2.7245598044222405
eco,-2.3925067359626904
env,-2.6775804367031997
health,-2.756679716554484
social,-2.7791745686002027
