Theme,Tone
conflict,-3.4541388566633136
eco,-3.443071994734872
env,-3.482369052649038
health,-3.470003893599371
social,-3.453163027416548
