Theme,Tone
conflict,-3.8797561227970867
eco,-3.884995676587668
env,-3.900550102678444
health,-3.886348456544317
social,-3.8683605988798733
