Theme,Tone
conflict,-2.9352264726156174
eco,-2.9757784847748687
env,-3.0142014650206455
health,-2.928853421552557
social,-2.9952844384235027
