Theme,Tone
conflict,-3.4746676603451228
eco,-3.5279719893345542
env,-3.444569365921721
health,-3.522253643001877
social,-3.4552252240325187
