Theme,Tone
conflict,-0.81955756079095
eco,-0.6214161801674919
env,-0.6894793592732295
health,-0.8402581717126867
social,-0.8208627405179522
