Theme,Tone
conflict,-3.929144083690636
eco,-3.8841987965433433
env,-3.9206326789799517
health,-3.9263906989636768
social,-3.920906525181511
