Theme,Tone
conflict,-3.1939730865215306
eco,-3.227349836108325
env,-3.1714795235866133
health,-3.192066996575682
social,-3.198501069797418
