Theme,Tone
conflict,-3.794383898376086
eco,-3.6558558954588896
env,-3.7658271634715677
health,-3.9573033851953947
social,-3.8561745220016443
