Theme,Tone
conflict,-2.684381239559062
eco,-2.6539918170592642
env,-2.6924066851725263
health,-2.671139598916663
social,-2.6734360629653686
