Theme,Tone
conflict,-3.6211253029746038
eco,-3.5608233419315365
env,-3.603897220952416
health,-3.659522288316538
social,-3.621058471553437
