Theme,Tone
conflict,-3.908450256611765
eco,-3.907075902126244
env,-3.8485594768141524
health,-3.861238701760384
social,-3.917826624770075
