Theme,Tone
conflict,-2.9661084630224592
eco,-2.8838023392500642
env,-2.9914984628144383
health,-2.9602825776134094
social,-2.9296948680817767
