Theme,Tone
conflict,-3.9485794538882555
eco,-3.9205098421756084
env,-3.9871948993423874
health,-3.956803671354176
social,-3.936569571650181
