Theme,Tone
conflict,-3.5380530083543
eco,-3.5704589534966287
env,-3.5305262411958904
health,-3.5216807325668595
social,-3.5240765186642924
