Theme,Tone
conflict,-3.656855285189053
eco,-3.6675530262772993
env,-3.655392317818911
health,-3.6375405300156594
social,-3.674040716212815
