Theme,Tone
conflict,-4.060849707876314
eco,-3.946235194851204
env,-4.021662298056359
health,-4.103224905428606
social,-3.9229668536362863
