Theme,Tone
conflict,-2.741004125723521
eco,-2.7292217964935763
env,-2.9880893812691744
health,-2.7543386540083143
social,-2.6247699117575496
