Theme,Tone
conflict,-3.3643250402966802
eco,-3.389946928826955
env,-3.300426265412173
health,-3.353683976668221
social,-3.3185251756941287
