Theme,Tone
conflict,-1.4787421996638608
eco,-1.7023743363559065
env,-1.7316719208143292
health,-1.465546546603226
social,-1.3966781448879293
