Theme,Tone
conflict,-2.7963729446014645
eco,-2.770827646475518
env,-2.92437738273539
health,-2.796094654488624
social,-2.731533337929601
