Theme,count,avg_tone
conflict,6643,-3.2868127765102435
eco,2213,-3.2124795442621936
env,1727,-3.238191197131208
health,3329,-3.2734132991560414
social,4419,-3.270266442826986
