Theme,count,avg_tone
conflict,6736,-2.9100155309514464
eco,2273,-2.923086787775986
env,1796,-2.904732675960015
health,3448,-2.9080166532648417
social,4464,-2.899781340275583
