Theme,count,avg_tone
conflict,1493,-1.0725075096857448
eco,508,-1.0088646549561942
env,427,-1.164604279494407
health,762,-1.0873229805882327
social,979,-1.0717091254245938
