Theme,count,avg_tone
conflict,10793,-3.0597403575590474
eco,3562,-3.0555138603912333
env,2795,-3.1806218102772745
health,5548,-3.0925774859910486
social,7217,-3.0696481495868184
