Theme,count,avg_tone
conflict,5528,-2.477391493163212
eco,1879,-2.484709318504677
env,1523,-2.499826097755145
health,2855,-2.5210691236018876
social,3651,-2.513621991039115
