Theme,count,avg_tone
conflict,10672,-2.9524938302129753
eco,3531,-3.029220190956624
env,2877,-2.9888157391270904
health,5431,-2.964158014099404
social,6998,-2.966660737906497
