Theme,count,avg_tone
conflict,7956,-2.903054692046987
eco,2610,-2.9255744597623683
env,2023,-2.851262536617951
health,4138,-2.9092161891862376
social,5260,-2.8334404505013406
