Theme,count,avg_tone
conflict,13917,-2.304154856556492
eco,4672,-2.362313624172603
env,3654,-2.2899711743170896
health,7108,-2.291166498243763
social,9392,-2.275406857084348
