Theme,count,avg_tone
conflict,810,-2.7245598044222405
eco,256,-2.3925067359626904
env,208,-2.6775804367031997
health,409,-2.756679716554484
social,551,-2.7791745686002027
