Theme,count,avg_tone
conflict,2693,-3.396048995420518
eco,879,-3.319400665848717
env,724,-3.5655442297634585
health,1389,-3.3273014601995157
social,1760,-3.4051028457544104
