Theme,count,avg_tone
conflict,23937,-3.6011837933016735
eco,7952,-3.5741944795238867
env,6397,-3.564398864032684
health,12339,-3.6116817516471604
social,15812,-3.6064328780472548
