Theme,count,avg_tone
conflict,485,-2.6341212538313328
eco,200,-2.551351788284847
env,151,-2.6735980955918572
health,260,-2.5758892531085626
social,355,-2.478278003974436
