Theme,count,avg_tone
conflict,6208,-2.883760675680466
eco,2118,-2.940798811820684
env,1611,-2.784624567781799
health,3129,-2.8904523271355433
social,4133,-2.863717096631854
