Theme,count,avg_tone
conflict,1693,-2.899560025303507
eco,587,-2.9364228327784847
env,423,-2.9062033842882666
health,840,-2.8652820965936874
social,1150,-2.9284924775826564
