Theme,count,avg_tone
conflict,2153,-3.7967447084800594
eco,700,-3.9078220660520784
env,585,-3.6185727124439837
health,1098,-3.6697990320147738
social,1419,-3.786478620763253
