Theme,count,avg_tone
conflict,3158,-4.105764503475546
eco,997,-3.9853899840028877
env,839,-4.031297808393803
health,1647,-4.066169673564776
social,2102,-4.095398215416785
