Theme,count,avg_tone
conflict,1431,-3.450912952440065
eco,482,-3.3954504318103442
env,403,-3.7420377481375775
health,739,-3.5179610458126698
social,966,-3.4938167952015635
