Theme,count,avg_tone
conflict,10031,-2.5443497133708015
eco,3378,-2.5476802818702984
env,2650,-2.597781698874383
health,5111,-2.530620527250015
social,6560,-2.529296366242498
