Theme,count,avg_tone
conflict,112,-0.48370599449653445
eco,33,-0.3878900794954129
env,22,-1.8699545654007748
health,60,-0.8387823042826127
social,71,-0.5999274637216789
