Theme,count,avg_tone
conflict,2076,-2.9624712371175397
eco,651,-2.7694627713527518
env,546,-2.815730012012457
health,1031,-2.832858566838811
social,1341,-2.930669144029324
