Theme,count,avg_tone
conflict,24968,-2.9223456901706433
eco,8518,-2.906155436095029
env,6710,-2.986342541316601
health,12668,-2.8760372679342523
social,16593,-2.9124915945736847
