Theme,count,avg_tone
conflict,273,-2.835396298565395
eco,78,-2.697798733745165
env,74,-3.2120881449839787
health,135,-2.9681592399247423
social,177,-2.685655102869361
