Theme,count,avg_tone
conflict,1239,-3.0470445840058
eco,390,-2.9903048856010925
env,302,-3.2507837622650113
health,623,-2.957846122792663
social,835,-3.018296458262285
