Theme,count,avg_tone
conflict,1758,-2.938156498857944
eco,591,-2.844179497103243
env,458,-3.0823609469911304
health,851,-2.8258373242911063
social,1157,-3.037856688053264
