Theme,count,avg_tone
conflict,28976,-2.7649242911346406
eco,9721,-2.773202340552138
env,7690,-2.7363428856682486
health,14762,-2.7660789516275814
social,19061,-2.773927290436223
