Theme,count,avg_tone
conflict,1497,-3.6966069982100023
eco,466,-3.7099969412704423
env,382,-3.827316980697817
health,722,-3.6325649408870846
social,1008,-3.7079050698429157
