Theme,count,avg_tone
conflict,1289,-3.1887152375432852
eco,417,-3.3420871535051666
env,363,-3.3470278336886725
health,674,-3.261036497606595
social,871,-3.209583538838286
