Theme,count,avg_tone
conflict,1182,-3.084353437438767
eco,393,-3.2344066626814567
env,333,-3.191907197840077
health,575,-3.1998345575476006
social,806,-3.0214211183193007
