Theme,count,avg_tone
conflict,1995,-3.1995210900688384
eco,675,-3.1467616746731935
env,548,-3.050890928725954
health,1046,-3.105871868310131
social,1364,-3.1790187586736365
