Theme,count,avg_tone
conflict,11822,-2.4841029518303492
eco,3925,-2.528406278660527
env,3080,-2.490366059282374
health,5865,-2.456334548226181
social,7849,-2.5037664520541507
