Theme,count,avg_tone
conflict,5671,-2.3942409475030613
eco,1881,-2.40298435162749
env,1582,-2.401666684545969
health,2927,-2.344022308685801
social,3888,-2.356820055729958
