Theme,count,avg_tone
conflict,13232,-2.6888429037912913
eco,4449,-2.686423123313958
env,3497,-2.7070632842532265
health,6694,-2.702555321826077
social,8733,-2.7094385587559042
