Theme,count,avg_tone
conflict,6159,-2.0996619596715576
eco,2044,-2.080968450514026
env,1669,-2.069490699319679
health,3247,-2.099766407815274
social,4181,-2.1192552103745426
