Theme,count,avg_tone
conflict,6917,-3.679327627142783
eco,2258,-3.7044763209586344
env,1807,-3.6992690173485534
health,3448,-3.6713605156440123
social,4590,-3.663008156458847
