Theme,count,avg_tone
conflict,7433,-3.6946271102345034
eco,2527,-3.828075970261033
env,2026,-3.616531953104554
health,3839,-3.7477647025906746
social,4898,-3.693542102134638
