Theme,count,avg_tone
conflict,13811,-2.7850285122136538
eco,4638,-2.7436756951715258
env,3633,-2.7017014616072483
health,7008,-2.7239303617289816
social,9100,-2.8112007837231885
