Theme,count,avg_tone
conflict,678,-2.3131789594092362
eco,240,-2.4145695320007396
env,202,-2.3767054991531142
health,351,-2.384881911158663
social,452,-2.278350200546818
