Theme,count,avg_tone
conflict,11642,-2.7165379461514485
eco,3985,-2.7341781099757365
env,3177,-2.8092070673176877
health,6026,-2.738695193487727
social,7900,-2.7337810604644237
