Theme,count,avg_tone
conflict,636,-2.051105381896749
eco,196,-1.7642411370780007
env,147,-2.579448648606601
health,332,-2.248019928945475
social,431,-2.289661120432771
