Theme,count,avg_tone
conflict,10670,-1.5367347680042096
eco,3509,-1.5160399127649047
env,2871,-1.5231440454949967
health,5372,-1.528681636960637
social,7019,-1.5435387752838474
