Theme,count,avg_tone
conflict,24523,-3.827731472612583
eco,8353,-3.7987530564468166
env,6593,-3.7854020167392943
health,12459,-3.854575980860973
social,16397,-3.797380786306884
