Theme,count,avg_tone
conflict,24133,-3.2427204956156053
eco,7957,-3.230759148367304
env,6453,-3.141719152448928
health,12361,-3.2045374781213027
social,16027,-3.245866739175515
