Theme,count,avg_tone
conflict,15190,-2.6388045960461497
eco,5017,-2.6367360729693594
env,4010,-2.6968789513875477
health,7490,-2.6390411437828085
social,9975,-2.645871441442421
