Theme,count,avg_tone
conflict,70,-3.008553738244286
eco,25,-2.9461083472710516
env,18,-4.094188288878365
health,35,-3.1822569927221953
social,61,-3.1463663535130015
