Theme,count,avg_tone
conflict,601,-2.4780324126032784
eco,194,-2.3927767043476886
env,161,-2.3218441591193755
health,304,-2.231386137319959
social,386,-2.4224220451755882
