Theme,count,avg_tone
conflict,11339,-2.1134820849484224
eco,3837,-2.1324380701465073
env,3081,-2.128381785199627
health,5714,-2.0875404245502325
social,7478,-2.0971588480880983
