Theme,count,avg_tone
conflict,223,-2.1487920895325443
eco,74,-2.029662392809506
env,73,-1.675986641684576
health,121,-1.9910093916543077
social,157,-1.863125443093202
