Theme,count,avg_tone
conflict,484,-0.31957920175938037
eco,129,-0.2636753662694254
env,120,-0.02602533301274321
health,249,-0.3776253346146657
social,312,-0.4842137337516293
