Theme,count,avg_tone
conflict,2256,-3.1213454688374305
eco,799,-3.155779341863544
env,595,-2.988621886994422
health,1134,-3.06917826350288
social,1452,-3.060511847860555
