Theme,count,avg_tone
conflict,14803,-3.842878239552588
eco,5050,-3.860652641822086
env,4009,-3.7621512344906027
health,7682,-3.8472337423856136
social,9893,-3.820966809131616
