Theme,count,avg_tone
conflict,5901.0,-3.5982037539629994
eco,1971.0,-3.550016217120025
env,1567.0,-3.4937082204216456
health,2982.0,-3.5562408497829785
social,3983.0,-3.6210604521699437
