Theme,count,avg_tone
conflict,5554.0,-3.3159016270333095
eco,1830.0,-3.3410756273489874
env,1482.0,-3.3496580669621454
health,2832.0,-3.307831509796904
social,3582.0,-3.3101089637611976
