Theme,count,avg_tone
conflict,1175.0,-0.511264644439531
eco,399.0,-0.5695533838349397
env,308.0,-0.6691553310935088
health,613.0,-0.5359480680668626
social,775.0,-0.5211398631418953
