Theme,count,avg_tone
conflict,4734.0,-2.758349054271518
eco,1607.0,-2.8280206133273977
env,1229.0,-2.672599904520694
health,2353.0,-2.684962035292508
social,3130.0,-2.686602572356847
