Theme,count,avg_tone
conflict,6014.0,-3.318263536340331
eco,2043.0,-3.3067139586181007
env,1640.0,-3.1799004223814813
health,3046.0,-3.3056743220000326
social,3963.0,-3.3148102348838053
