Theme,count,avg_tone
conflict,12128.0,-3.167068555257367
eco,4108.0,-3.17111324503636
env,3307.0,-3.2523555426571593
health,6105.0,-3.171161465971392
social,8172.0,-3.1719928650916795
