Theme,count,avg_tone
conflict,8244.0,-3.032445293985115
eco,2823.0,-3.105215380525303
env,2235.0,-2.9806129510953276
health,4281.0,-3.0313561144205683
social,5460.0,-2.9994237126124137
