Theme,count,avg_tone
conflict,14346.0,-1.835141990862104
eco,4698.0,-1.870797001711623
env,3799.0,-1.8825533739473097
health,7369.0,-1.877078938986526
social,9592.0,-1.8115316371235723
