Theme,count,avg_tone
conflict,38.0,0.5278172324734856
eco,14.0,0.08019896986847017
env,16.0,0.17080880474175222
health,26.0,0.20079073922804122
social,26.0,0.2333821080549898
