Theme,count,avg_tone
conflict,3458.0,-3.6415583399351115
eco,1164.0,-3.562020155943
env,943.0,-3.6657834844553823
health,1798.0,-3.677925161210819
social,2292.0,-3.6550806153654696
