Theme,count,avg_tone
conflict,30169.0,-3.5191592002576297
eco,10193.0,-3.572480550988618
env,8099.0,-3.547517662182749
health,15315.0,-3.5420901790190285
social,19985.0,-3.5125535624233812
