Theme,count,avg_tone
conflict,842.0,-3.021652192543463
eco,268.0,-2.9629295725878135
env,222.0,-2.6564143202955224
health,447.0,-2.940552591982964
social,541.0,-2.788459392828013
