Theme,count,avg_tone
conflict,4242.0,-2.7958658116587327
eco,1408.0,-2.8751926039890456
env,1110.0,-2.8575203290008546
health,2179.0,-2.7541177849589227
social,2853.0,-2.752622802496362
