Theme,count,avg_tone
conflict,2166.0,-3.3643250402966802
eco,725.0,-3.389946928826955
env,604.0,-3.300426265412173
health,1159.0,-3.353683976668221
social,1499.0,-3.3185251756941287
