Theme,count,avg_tone
conflict,2080.0,-3.9307231454661737
eco,679.0,-3.9795157038481705
env,545.0,-3.8643163348238554
health,1086.0,-3.924819099689796
social,1386.0,-3.9423025582884805
