Theme,count,avg_tone
conflict,4472.0,-3.526928759580574
eco,1466.0,-3.499622717748745
env,1196.0,-3.3619131676383702
health,2271.0,-3.482649354155496
social,2992.0,-3.559226024471749
