Theme,count,avg_tone
conflict,1414.0,-2.6203148341038527
eco,499.0,-2.72978848486085
env,387.0,-2.774213149303068
health,713.0,-2.3685714599391123
social,945.0,-2.4805313311614965
