Theme,count,avg_tone
conflict,9925.0,-2.648271022532468
eco,3248.0,-2.6372126081849543
env,2666.0,-2.6164691613048845
health,5119.0,-2.6194921391502555
social,6564.0,-2.6529028641167827
