Theme,count,avg_tone
conflict,27205.0,-3.2561085393459583
eco,9123.0,-3.278352360690366
env,7406.0,-3.2697270988211273
health,13783.0,-3.258907143620352
social,18117.0,-3.2586444415789324
