Theme,count,avg_tone
conflict,2033.0,-3.827250217668529
eco,658.0,-3.8040360561501863
env,548.0,-3.7843353907708313
health,1064.0,-3.7433366339068086
social,1363.0,-3.8656193351031796
