Theme,count,avg_tone
conflict,2049.0,-3.5578635157370826
eco,687.0,-3.447324823892553
env,533.0,-3.5684978407330674
health,1032.0,-3.5005446947557757
social,1377.0,-3.64337510807936
