Theme,count,avg_tone
conflict,2154.0,-3.8902691227289394
eco,705.0,-3.8603071279779653
env,557.0,-3.8467206565689858
health,1079.0,-3.8376400546236957
social,1440.0,-3.8937798081839223
