Theme,count,avg_tone
conflict,36463.0,-2.789422117909284
eco,12161.0,-2.7811494191923165
env,9679.0,-2.82890363136762
health,18492.0,-2.756848396787343
social,24243.0,-2.7873018600961794
