Theme,count,avg_tone
conflict,1442.0,-4.149935265244667
eco,472.0,-4.115148417382916
env,351.0,-4.084046247552184
health,742.0,-4.263816175546514
social,981.0,-4.141601974456012
