Theme,count,avg_tone
conflict,1633.0,-3.3037197846116158
eco,570.0,-3.460634830225716
env,401.0,-3.3527244077620257
health,832.0,-3.3742720221397944
social,1088.0,-3.4412549617873767
