Theme,count,avg_tone
conflict,2309.0,-3.666489291797291
eco,786.0,-3.8043239267138063
env,589.0,-3.595576795799837
health,1170.0,-3.5626146726322077
social,1530.0,-3.6108656931486682
