Theme,count,avg_tone
conflict,10656.0,-2.683498512674229
eco,3609.0,-2.663862510393731
env,2909.0,-2.668588365603194
health,5440.0,-2.6423426326240977
social,7101.0,-2.6603874263999328
