Theme,count,avg_tone
conflict,6150.0,-2.6975730707819174
eco,2011.0,-2.7421349740312926
env,1651.0,-2.696686763788181
health,3117.0,-2.6233477143028403
social,4111.0,-2.673999421832685
