Theme,count,avg_tone
conflict,13785.0,-2.9253509021952837
eco,4586.0,-2.893477719628883
env,3684.0,-2.93091882112105
health,6961.0,-2.9358371681604174
social,9040.0,-2.9103967252293454
