Theme,count,avg_tone
conflict,5958.0,-2.2543229660224884
eco,1963.0,-2.2033708755123724
env,1538.0,-2.2965832666088866
health,3065.0,-2.268062984461072
social,4033.0,-2.244152110639891
