Theme,count,avg_tone
conflict,7800.0,-3.908450256611765
eco,2615.0,-3.907075902126244
env,2034.0,-3.8485594768141524
health,3968.0,-3.861238701760384
social,5220.0,-3.917826624770075
