Theme,count,avg_tone
conflict,5976.0,-3.6061922778961275
eco,1984.0,-3.5398846877847374
env,1592.0,-3.4105414754829386
health,3062.0,-3.5570497652011523
social,4013.0,-3.576778499891131
