Theme,count,avg_tone
conflict,960.0,-1.0194697193127218
eco,333.0,-1.0702699103303657
env,241.0,-0.810871395395818
health,504.0,-1.04154910605028
social,629.0,-1.0413747626645662
