Theme,count,avg_tone
conflict,672.0,-2.3615577746114584
eco,222.0,-2.2760746599046175
env,175.0,-2.522985827236079
health,364.0,-2.28767961215054
social,485.0,-2.300396079714748
