Theme,count,avg_tone
conflict,6254.0,-2.744240029169021
eco,2115.0,-2.845380073216215
env,1690.0,-2.89141450044196
health,3117.0,-2.840899333062663
social,4203.0,-2.718396262566937
