Theme,count,avg_tone
conflict,12082.0,-1.761936805199281
eco,4020.0,-1.7546229282388153
env,3177.0,-1.7472494669834067
health,6015.0,-1.7363137440661491
social,7927.0,-1.7419061246840903
