Theme,count,avg_tone
conflict,32244.0,-3.1939730865215306
eco,10829.0,-3.227349836108325
env,8668.0,-3.1714795235866133
health,16403.0,-3.192066996575682
social,21314.0,-3.198501069797418
