Theme,count,avg_tone
conflict,22021.0,-3.719569486505937
eco,7395.0,-3.740373830279505
env,5800.0,-3.815112919941463
health,11150.0,-3.7495218790430624
social,14608.0,-3.692305561421949
