Theme,count,avg_tone
conflict,15218.0,-2.935403235930596
eco,5058.0,-2.930556096112015
env,4144.0,-2.911820547435014
health,7750.0,-2.9251133345669964
social,10068.0,-2.921304566191961
