Theme,count,avg_tone
conflict,91.0,-3.868573406935001
eco,26.0,-2.6181253118938153
env,25.0,-3.3668053732466383
health,43.0,-3.3358927560346987
social,52.0,-4.073044628225309
