Theme,count,avg_tone
conflict,11808.0,-2.717503427706918
eco,3925.0,-2.7272391164578074
env,3244.0,-2.707402180566156
health,6024.0,-2.700283491035564
social,7837.0,-2.6889128879674122
