Theme,count,avg_tone
conflict,188.0,-2.07782346216102
eco,52.0,-2.273401908169072
env,57.0,-1.959201043744286
health,99.0,-2.0391756017607867
social,125.0,-2.0677567928136855
