Theme,count,avg_tone
conflict,2814.0,-3.591800794466312
eco,925.0,-3.7661792064314747
env,710.0,-3.629979345718001
health,1417.0,-3.553468870608097
social,1845.0,-3.5509332996163607
