Theme,count,avg_tone
conflict,13808.0,-3.400827813345595
eco,4493.0,-3.4539083256182144
env,3598.0,-3.389090181994078
health,7039.0,-3.4344702643316505
social,9211.0,-3.393426353374376
