Theme,Tone
conflict,-3.450912952440065
eco,-3.3954504318103442
env,-3.7420377481375775
health,-3.5179610458126698
social,-3.4938167952015635
