Theme,Tone
conflict,-3.445332220879413
eco,-3.448434700575218
env,-3.4232330393120307
health,-3.468267740639887
social,-3.4899241088281485
