Theme,Tone
conflict,-0.6715782750411705
eco,-0.8105879746242203
env,-0.7442481624110856
health,-0.8070780277904637
social,-0.6885190709430999
