Theme,Tone
conflict,-1.2499985361706412
eco,-1.2330700318322874
env,-1.5099394516183084
health,-1.218230193675953
social,-1.2862294624728148
