Theme,Tone
conflict,-3.2687048470687468
eco,-3.2006193373961307
env,-3.2162408441593153
health,-3.2429377873981897
social,-3.2717252236055594
