Theme,Tone
conflict,-3.139426558344309
eco,-2.9351536691930584
env,-3.2183046675746168
health,-3.347766288628197
social,-3.1981993124088115
