Theme,Tone
conflict,-2.81848514423242
eco,-2.8074552061352276
env,-2.8297879315584384
health,-2.819584638126226
social,-2.821228771346253
