Theme,Tone
conflict,-2.4631449396813236
eco,-2.4032910532671647
env,-2.691422744626672
health,-2.3953704297547262
social,-2.4071061743688302
