Theme,Tone
conflict,-2.4511796952728355
eco,-2.5856350812984377
env,-2.4626752107210916
health,-2.5197449191607597
social,-2.50669864398663
