Theme,Tone
conflict,-3.419360124608523
eco,-3.4409535124458763
env,-3.4370740242606455
health,-3.425295233732248
social,-3.4139226171759396
