Theme,Tone
conflict,-3.8733302143690227
eco,-3.865702086397734
env,-3.8546078073167465
health,-3.8864913138766837
social,-3.8625328124839187
