Theme,Tone
conflict,-2.9332676539135
eco,-2.92295118575078
env,-2.851073047607164
health,-2.895701327033241
social,-2.9111657084696603
