Theme,Tone
conflict,-4.198259645343509
eco,-4.122310605373966
env,-4.252725902304661
health,-4.34816426220805
social,-4.2679610549518445
