Theme,Tone
conflict,-3.8302443601678133
eco,-3.781397639370621
env,-3.7424446617868203
health,-3.8188273701678406
social,-3.810874165904262
