Theme,Tone
conflict,-3.7206306012819423
eco,-3.5445352738598817
env,-3.745189815885396
health,-3.6761359536578797
social,-3.6851921228121984
