Theme,Tone
conflict,-2.5395766556176436
eco,-2.4995757974196118
env,-3.006739691333593
health,-2.4242632252880716
social,-2.1781173294427614
