Theme,Tone
conflict,-3.6834143714143983
eco,-3.695286419101983
env,-3.8954564108826095
health,-3.770549416756087
social,-3.623239722565138
