Theme,Tone
conflict,-3.193022083318347
eco,-3.2605457576589614
env,-3.1847806638644514
health,-3.184376725382705
social,-3.1924922661736232
