Theme,Tone
conflict,-3.8722176514792324
eco,-3.7007216757565247
env,-3.767717763435736
health,-3.8328444408891813
social,-3.88506857873458
