Theme,Tone
conflict,-4.079967929401134
eco,-4.095607761784053
env,-4.106022490612966
health,-4.0706607623013396
social,-4.080405775795238
