Theme,Tone
conflict,-2.6465976288835473
eco,-2.6226978067438993
env,-2.6607237671360124
health,-2.6308931594081355
social,-2.669646211113193
