Theme,Tone
conflict,-3.182775823484623
eco,-3.1784514720282644
env,-3.1933416661720053
health,-3.177298891965007
social,-3.1853003141300014
