Theme,Tone
conflict,-3.2147082366922213
eco,-3.195310898213106
env,-3.2139896291239447
health,-3.2146585681743205
social,-3.2015022938438573
