Theme,Tone
conflict,-4.308225326775784
eco,-4.248576038673239
env,-4.24821028369379
health,-4.193892744269251
social,-4.23286613287864
