Theme,Tone
conflict,-3.6191381961446623
eco,-3.522040773431143
env,-3.521124599188105
health,-3.6272084536438642
social,-3.600330197200912
