Theme,Tone
conflict,-3.3321831102478354
eco,-3.4279962321113855
env,-3.3868792336271105
health,-3.3845024898870903
social,-3.3134569593335157
