Theme,Tone
conflict,-3.920918896018992
eco,-3.9560571534504443
env,-3.6881294140446728
health,-3.9242124622136925
social,-3.9947464918546736
