Theme,Tone
conflict,0.44126470446869087
eco,0.6147286839927354
env,0.6794637483214439
health,0.31375179427142974
social,0.3201655569590837
