Theme,Tone
conflict,-3.0098452916243414
eco,-3.0268659966310603
env,-2.9328797030515985
health,-3.0202934418372247
social,-3.027297799023283
