Theme,Tone
conflict,-2.921160500045127
eco,-2.9028642230750887
env,-2.9429233612377725
health,-2.9849936680473568
social,-2.9557456165743714
