Theme,Tone
conflict,-2.378627154772914
eco,-2.1422504161696754
env,-1.4808381289467785
health,-2.5422389708493864
social,-2.326769612037988
