Theme,Tone
conflict,0.5278172324734856
eco,0.08019896986847017
env,0.17080880474175222
health,0.20079073922804122
social,0.2333821080549898
