Theme,Tone
conflict,-1.616906904087767
eco,-1.6701324831874116
env,-1.6124621402259907
health,-1.667157829620155
social,-1.6434229121101525
