Theme,Tone
conflict,-3.480089637352638
eco,-3.4416847205799823
env,-3.399256370331577
health,-3.4473316880071336
social,-3.4741795308201104
