Theme,Tone
conflict,-3.323772084893799
eco,-3.2938457851977363
env,-3.3279500763791057
health,-3.319557672193001
social,-3.3278178741117728
