Theme,Tone
conflict,-3.2237436840639235
eco,-3.237433745201196
env,-3.1956223039013243
health,-3.200836331148456
social,-3.226429926588094
