Theme,Tone
conflict,-3.7967447084800594
eco,-3.9078220660520784
env,-3.6185727124439837
health,-3.6697990320147738
social,-3.786478620763253
