Theme,Tone
conflict,0.3055382826452416
eco,-0.11088369615094076
env,-0.4398072408642293
health,0.25978206048676694
social,0.4293500608597261
