Theme,Tone
conflict,-4.016287754565741
eco,-4.012220307203647
env,-4.048321788108256
health,-3.960340069276696
social,-4.02233729168278
