Theme,Tone
conflict,-2.6044299851980175
eco,-2.6312600948973532
env,-2.6002262370840867
health,-2.63916582079831
social,-2.622858078042351
