Theme,Tone
conflict,-2.2748466208421503
eco,-2.3698720478890136
env,-2.2663935496535212
health,-2.2597608043322484
social,-2.301994832756629
