Theme,Tone
conflict,-2.8095756056811014
eco,-2.8501279703668345
env,-2.7626060409480724
health,-2.82655793463493
social,-2.8113804942988234
