Theme,Tone
conflict,-3.126082482180866
eco,-2.9558313602724633
env,-3.4367458734546172
health,-3.171309749859545
social,-3.0884914885121715
