Theme,Tone
conflict,-1.5707905772515995
eco,-1.5017347998782684
env,-1.511676494080153
health,-1.5253972758597147
social,-1.619075436968214
