Theme,Tone
conflict,-2.810105342166743
eco,-2.7790012199429004
env,-2.7761320368134235
health,-2.7966311017537597
social,-2.8727445501754314
