Theme,Tone
conflict,-2.516476309619118
eco,-2.5026198578803296
env,-2.4889692829196415
health,-2.5257557658892575
social,-2.53570482304136
