Theme,Tone
conflict,-1.8612893328999687
eco,-2.1654904021139902
env,-1.7807589886322404
health,-1.7389003864568322
social,-1.947037948097082
