Theme,Tone
conflict,-2.210088302124968
eco,-2.2444785653739845
env,-2.296031416507527
health,-2.215877132231473
social,-2.2491682109047555
