Theme,Tone
conflict,-2.747758771594424
eco,-2.598110469388243
env,-2.595143027046179
health,-2.6559752121915343
social,-2.729562980340792
