Theme,Tone
conflict,-1.7259467293247122
eco,-1.830366696613136
env,-1.9928687489205998
health,-1.4834091129704672
social,-1.6349520541904816
