Theme,Tone
conflict,-1.7195713121069838
eco,-1.7563481648681991
env,-1.8303922322725048
health,-1.7399399069151986
social,-1.7432202334826585
