Theme,Tone
conflict,-3.318263536340331
eco,-3.3067139586181007
env,-3.1799004223814813
health,-3.3056743220000326
social,-3.3148102348838053
