Theme,Tone
conflict,-2.2105653167246397
eco,-2.183688727105664
env,-2.1480033181804847
health,-2.2044757311581495
social,-2.1775846851549487
