Theme,Tone
conflict,-3.3309522755655268
eco,-3.4012228338941344
env,-3.4599272541808643
health,-3.1432895801142613
social,-3.284531322432126
