Theme,Tone
conflict,-2.450728019722376
eco,-2.3663810588137366
env,-2.4983104144909882
health,-2.4982920960013457
social,-2.4677514946364507
