Theme,Tone
conflict,-3.1887152375432852
eco,-3.3420871535051666
env,-3.3470278336886725
health,-3.261036497606595
social,-3.209583538838286
