Theme,Tone
conflict,-4.2166726924107065
eco,-4.01838931690228
env,-4.081310319073389
health,-4.149793909464427
social,-4.16983959227768
