Theme,Tone
conflict,-2.648271022532468
eco,-2.6372126081849543
env,-2.6164691613048845
health,-2.6194921391502555
social,-2.6529028641167827
