Theme,Tone
conflict,-3.229929566854813
eco,-3.318111134376754
env,-3.5962387981047126
health,-3.218843949177403
social,-3.2541660816502254
