Theme,Tone
conflict,-2.7941724103651793
eco,-2.8023484370048775
env,-2.7973278501920062
health,-2.7915822805233206
social,-2.782430227240747
