Theme,Tone
conflict,-2.7109559655135578
eco,-2.839654251049627
env,-2.8448074170584587
health,-2.8504393612621755
social,-2.785291771219003
