Theme,Tone
conflict,-3.4746838024183138
eco,-3.415498851931956
env,-3.4670456522147144
health,-3.417949431554726
social,-3.477090616218897
