Theme,Tone
conflict,-2.778276548303767
eco,-2.782995864317401
env,-2.7472302968846987
health,-2.77095003079269
social,-2.7813346816253284
