Theme,Tone
conflict,-2.4805178681095064
eco,-2.314572503332699
env,-2.6052696785720655
health,-2.5346858531966845
social,-2.392070226534386
