Theme,Tone
conflict,-2.938156498857944
eco,-2.844179497103243
env,-3.0823609469911304
health,-2.8258373242911063
social,-3.037856688053264
