Theme,Tone
conflict,-0.7664558011048719
eco,-0.6061239722354629
env,-0.5617631076340455
health,-0.7232987713674306
social,-0.7607142891330247
