Theme,Tone
conflict,-3.6414364678974995
eco,-3.6211805491280815
env,-3.7009087427694163
health,-3.6805910146292575
social,-3.58829653562442
