Theme,Tone
conflict,-3.6713336826623144
eco,-3.7061754894044188
env,-3.4903347299172682
health,-3.534797985597036
social,-3.4469099543268213
