Theme,Tone
conflict,-2.4131961602570327
eco,-2.405821028610436
env,-2.409638739900725
health,-2.4600089474473714
social,-2.422111656273119
