Theme,Tone
conflict,-3.0765162135009754
eco,-3.153689447411119
env,-3.050642186311456
health,-3.0043722683502296
social,-3.046129443177676
