Theme,Tone
conflict,-2.233819087029193
eco,-2.248537121190861
env,-2.210302741620501
health,-2.2010108875957184
social,-2.254147772139343
