Theme,Tone
conflict,-2.497577479536533
eco,-2.7833340497979324
env,-2.544932280203734
health,-2.4948214223154928
social,-2.505332101588951
