Theme,Tone
conflict,-3.248752582520743
eco,-3.246279146028731
env,-3.2726632798888526
health,-3.2544661447224907
social,-3.259273893466834
