Theme,Tone
conflict,-3.6889951000947057
eco,-3.835343276365698
env,-3.852848391758854
health,-3.7573563023516336
social,-3.689366210350573
