Theme,Tone
conflict,-3.7457439669467445
eco,-3.6273623313913457
env,-3.6880029953273383
health,-3.8407223954652037
social,-3.72413070292844
