Theme,Tone
conflict,-3.640575358316327
eco,-3.6320660749419056
env,-3.509341070038002
health,-3.474330042576917
social,-3.656029554889054
