Theme,Tone
conflict,-3.736159992668126
eco,-3.7578088637383127
env,-3.7303344445897673
health,-3.7216063190896795
social,-3.7251414681397566
