Theme,Tone
conflict,-2.5765719369044295
eco,-2.5772000788716434
env,-2.553459797018871
health,-2.566284254664668
social,-2.569753159141066
