Theme,Tone
conflict,-3.5486265102977335
eco,-3.6738803018994526
env,-3.6553458491651662
health,-3.7231315577344573
social,-3.6769470512204037
