Theme,Tone
conflict,-3.8245374709351485
eco,-3.927684765286253
env,-3.4897964826681616
health,-3.90325464527875
social,-3.769917095230856
