Theme,Tone
conflict,-3.084353437438767
eco,-3.2344066626814567
env,-3.191907197840077
health,-3.1998345575476006
social,-3.0214211183193007
