Theme,Tone
conflict,-2.9240590826279793
eco,-3.007193149025174
env,-2.896835286245161
health,-2.9152948713040394
social,-2.9282712155230364
