Theme,Tone
conflict,-3.0449550153458853
eco,-2.9331186227695327
env,-3.1206333078978137
health,-3.03101144756822
social,-3.063838278347963
