Theme,Tone
conflict,-4.099641553795041
eco,-4.096170073415137
env,-3.944891744520402
health,-3.8627158936797854
social,-4.1065181816425085
