Theme,Tone
conflict,-3.602480444012241
eco,-3.6217054117763343
env,-3.534693086159494
health,-3.674689426967661
social,-3.637018556015847
