Theme,Tone
conflict,-3.666489291797291
eco,-3.8043239267138063
env,-3.595576795799837
health,-3.5626146726322077
social,-3.6108656931486682
