Theme,Tone
conflict,-2.5915589797501934
eco,-2.573548971484417
env,-2.513123151445162
health,-2.6192467183112176
social,-2.5876904509110603
