Theme,Tone
conflict,-2.5780041191534107
eco,-2.588874154445687
env,-2.513684894157469
health,-2.535244828923681
social,-2.5721650165283396
