Theme,Tone
conflict,-3.7707587805274647
eco,-3.7862370437984154
env,-3.7511532208202096
health,-3.801779057606547
social,-3.797202975201806
