Theme,Tone
conflict,-2.3131789594092362
eco,-2.4145695320007396
env,-2.3767054991531142
health,-2.384881911158663
social,-2.278350200546818
