Theme,Tone
conflict,-2.504405240851378
eco,-2.519897032847143
env,-2.4717729896894047
health,-2.494771287864349
social,-2.5129775070978835
