Theme,Tone
conflict,-2.6829835378391076
eco,-2.628659553595301
env,-2.7705931385989766
health,-2.644319989263991
social,-2.7193084132251317
