Theme,Tone
conflict,-3.895633169536033
eco,-3.8723666092100983
env,-3.7902327240689946
health,-3.873840831319356
social,-3.9211367426641526
