Theme,Tone
conflict,-3.5807080725683527
eco,-3.5917358554073204
env,-3.7969311953758837
health,-3.5953688710934895
social,-3.629921569785318
