Theme,Tone
conflict,-2.393916311462912
eco,-2.295977285170948
env,-2.3028769383537218
health,-2.3977113252070095
social,-2.3898371380585366
