Theme,Tone
conflict,-1.0194697193127218
eco,-1.0702699103303657
env,-0.810871395395818
health,-1.04154910605028
social,-1.0413747626645662
