Theme,Tone
conflict,-2.3166651963576452
eco,-2.4031310903750343
env,-2.5518548354981117
health,-2.290093228211369
social,-2.2932377146106893
