Theme,Tone
conflict,-3.5934169000482394
eco,-3.747071251226405
env,-3.559216319457538
health,-3.541845705378096
social,-3.712876337733156
