Theme,count,avg_tone
conflict,6811,-2.8159024816368228
eco,2324,-2.8442046921980007
env,1790,-2.837423946812605
health,3450,-2.810622786494935
social,4534,-2.8160293656095785
