Theme,count,avg_tone
conflict,5944,-2.5153048570801446
eco,2001,-2.524787990605081
env,1609,-2.551739968867975
health,3061,-2.528036537743801
social,3929,-2.51392859868602
