Theme,count,avg_tone
conflict,1044,-2.368926130482107
eco,341,-2.1339943042941214
env,298,-2.6337280276588158
health,550,-2.3918684811348254
social,663,-2.4561294878749953
