Theme,count,avg_tone
conflict,5074,-2.7670970169468423
eco,1684,-2.7154158842305773
env,1375,-2.8458289117465494
health,2549,-2.7272512083992266
social,3407,-2.7618764591885427
