Theme,count,avg_tone
conflict,11365,-3.193022083318347
eco,3697,-3.2605457576589614
env,2874,-3.1847806638644514
health,5683,-3.184376725382705
social,7469,-3.1924922661736232
