Theme,count,avg_tone
conflict,9850,-2.7765283787741706
eco,3303,-2.7672673275627795
env,2618,-2.807100670100491
health,4988,-2.7933732989605495
social,6564,-2.7460663133475434
