Theme,count,avg_tone
conflict,7779,-2.843995928730766
eco,2644,-2.837208447312964
env,2038,-2.9743256593045153
health,4019,-2.832404968207482
social,5226,-2.843730096161758
