Theme,count,avg_tone
conflict,15126,-2.2583574170125016
eco,4977,-2.2661882040093215
env,4022,-2.218508430024664
health,7668,-2.2894388810987025
social,10233,-2.2163752365831697
