Theme,count,avg_tone
conflict,3619,-2.810104576293032
eco,1212,-2.7270844587543963
env,989,-2.7893726097393605
health,1779,-2.880529675203018
social,2409,-2.765916670888885
