Theme,count,avg_tone
conflict,2602,-3.4886532903133975
eco,891,-3.495071630905934
env,669,-3.513366143357147
health,1313,-3.3527326860619637
social,1716,-3.4833065520798314
