Theme,count,avg_tone
conflict,24020,-3.5342851396900232
eco,7999,-3.5428606329648886
env,6556,-3.478310457458153
health,12389,-3.544585674987804
social,16045,-3.548731806712387
