Theme,count,avg_tone
conflict,519,-2.3559619422111995
eco,162,-2.5074111314379466
env,147,-2.4918799179655045
health,257,-2.4433480525903053
social,339,-2.3517141367582797
