Theme,count,avg_tone
conflict,6874,-2.4295605920554593
eco,2328,-2.487916035283015
env,1821,-2.3817153245682974
health,3475,-2.382917977126586
social,4611,-2.4486655427579582
