Theme,count,avg_tone
conflict,1738,-3.286029954836358
eco,572,-3.4423737486789894
env,471,-3.1638750961320565
health,889,-3.3017888820586445
social,1164,-3.3794557476108578
