Theme,count,avg_tone
conflict,1745,-3.5486265102977335
eco,602,-3.6738803018994526
env,481,-3.6553458491651662
health,908,-3.7231315577344573
social,1149,-3.6769470512204037
