Theme,count,avg_tone
conflict,3773,-3.6834143714143983
eco,1270,-3.695286419101983
env,1019,-3.8954564108826095
health,1971,-3.770549416756087
social,2543,-3.623239722565138
