Theme,count,avg_tone
conflict,1382,-2.7128361530044094
eco,445,-2.8353369205315335
env,388,-2.6588478874573913
health,731,-2.775737838038972
social,953,-2.8118587233185632
