Theme,count,avg_tone
conflict,11872,-2.233819087029193
eco,3964,-2.248537121190861
env,3118,-2.210302741620501
health,5990,-2.2010108875957184
social,7797,-2.254147772139343
