Theme,count,avg_tone
conflict,238,-0.18230246500674585
eco,72,0.08412760941729286
env,48,0.16431393455912802
health,122,0.019123787510532436
social,153,-0.20688941195099061
