Theme,count,avg_tone
conflict,5872,-2.5562474278436684
eco,1942,-2.4939947506165545
env,1510,-2.6206574881102718
health,2872,-2.581428656220082
social,3895,-2.5399884360090432
