Theme,count,avg_tone
conflict,658,-2.3166651963576452
eco,204,-2.4031310903750343
env,215,-2.5518548354981117
health,330,-2.290093228211369
social,416,-2.2932377146106893
