Theme,count,avg_tone
conflict,36870,-2.5876237838213956
eco,12190,-2.5166588369877494
env,9841,-2.55606003820215
health,18770,-2.59407283162367
social,24369,-2.5834521080239976
