Theme,count,avg_tone
conflict,1169,-3.1477768649101128
eco,412,-3.171736025139744
env,319,-3.3971118064678594
health,632,-3.3189528404218844
social,754,-3.080400702329192
