Theme,count,avg_tone
conflict,1543,-2.741004125723521
eco,519,-2.7292217964935763
env,389,-2.9880893812691744
health,782,-2.7543386540083143
social,1027,-2.6247699117575496
