Theme,count,avg_tone
conflict,29821,-2.684381239559062
eco,9946,-2.6539918170592642
env,7953,-2.6924066851725263
health,15185,-2.671139598916663
social,19548,-2.6734360629653686
