Theme,count,avg_tone
conflict,1682,-3.3467048883950983
eco,582,-3.409373464224304
env,458,-3.600120726119885
health,846,-3.351927256847827
social,1134,-3.3789636902419202
