Theme,count,avg_tone
conflict,974,-3.6873747828518697
eco,296,-3.660689974805421
env,235,-3.860074850969416
health,502,-3.581568225625971
social,640,-3.7449637136800766
