Theme,count,avg_tone
conflict,1293,-3.2382421267293333
eco,430,-3.0784325695740775
env,328,-3.1106474624028957
health,655,-3.1589318961185504
social,837,-3.158950407257168
