Theme,count,avg_tone
conflict,1464,-2.740901095281525
eco,474,-2.8537647383558458
env,382,-2.5938891032662936
health,775,-2.6574028099611744
social,978,-2.7166586360903664
