Theme,count,avg_tone
conflict,12847,-2.178275330060569
eco,4263,-2.116004109118069
env,3346,-2.1979433515587803
health,6422,-2.1794820479033037
social,8502,-2.1634883583311275
