Theme,count,avg_tone
conflict,5858,-2.190652718637709
eco,1939,-2.0991343643246405
env,1612,-2.051728584406721
health,3004,-2.1751616802720606
social,3876,-2.0726396336982513
