Theme,count,avg_tone
conflict,9824,-2.686122237447168
eco,3185,-2.7564306179239177
env,2624,-2.7152430559941076
health,4948,-2.7310473824100994
social,6395,-2.6994129020668742
