Theme,count,avg_tone
conflict,5851,-2.3342208129442237
eco,1952,-2.1802499559510213
env,1515,-2.2244902275778835
health,2985,-2.274396654173122
social,3859,-2.3716516927076965
