Theme,count,avg_tone
conflict,11825,-3.4746676603451228
eco,4029,-3.5279719893345542
env,3155,-3.444569365921721
health,5938,-3.522253643001877
social,7791,-3.4552252240325187
