Theme,count,avg_tone
conflict,8787,-3.6995494536137006
eco,2818,-3.6146200725438193
env,2333,-3.5624036655142985
health,4494,-3.726438618943226
social,5812,-3.6484613972147213
