Theme,count,avg_tone
conflict,18948,-2.516476309619118
eco,6350,-2.5026198578803296
env,5049,-2.4889692829196415
health,9598,-2.5257557658892575
social,12543,-2.53570482304136
