Theme,count,avg_tone
conflict,823,-2.0567494605937506
eco,268,-2.0984209861075818
env,232,-1.9752521524433617
health,408,-2.079878639430705
social,541,-2.0866599012632463
