Theme,count,avg_tone
conflict,11929,-2.7634791773167726
eco,4058,-2.6797991939653514
env,3295,-2.786371416993775
health,6217,-2.7409188809539695
social,7953,-2.75563459844491
