Theme,count,avg_tone
conflict,554,-2.2945942626239297
eco,187,-2.1501372415544653
env,144,-2.316508913134248
health,277,-2.2839335117252473
social,357,-2.3406606164313004
