Theme,count,avg_tone
conflict,10510,-1.6450077455150973
eco,3522,-1.6078987238816456
env,2832,-1.5900709205634238
health,5352,-1.6201672476981053
social,6997,-1.6122488052482493
