Theme,count,avg_tone
conflict,30915,-3.7707587805274647
eco,10261,-3.7862370437984154
env,8246,-3.7511532208202096
health,15755,-3.801779057606547
social,20860,-3.797202975201806
