Theme,count,avg_tone
conflict,21361,-3.2231786119502472
eco,7110,-3.1853301991084453
env,5781,-3.2331198441433195
health,10922,-3.221074463554618
social,14238,-3.219047369940974
