Theme,count,avg_tone
conflict,38356,-2.6465976288835473
eco,12743,-2.6226978067438993
env,10371,-2.6607237671360124
health,19285,-2.6308931594081355
social,25386,-2.669646211113193
