Theme,count,avg_tone
conflict,121,-2.713959214648023
eco,37,-2.5012777580637753
env,37,-2.208433736850109
health,60,-3.181801362142254
social,83,-2.7444339147135373
