Theme,count,avg_tone
conflict,1868,-2.630182411292373
eco,624,-2.6920492033303987
env,513,-2.4474508205938457
health,935,-2.5086483326148477
social,1264,-2.5845785960439525
