Theme,count,avg_tone
conflict,9553,-2.430066962571113
eco,3253,-2.3616792795659403
env,2636,-2.3283905727451564
health,4852,-2.419901483468881
social,6276,-2.3741287165947416
