Theme,count,avg_tone
conflict,306,-1.6254634679460247
eco,99,-1.9166457907218395
env,72,-1.6745986986550743
health,168,-1.586894504040592
social,198,-1.709355560472182
