Theme,count,avg_tone
conflict,909,-0.2707639817723738
eco,295,-0.10324548808719747
env,231,-0.2517862802766387
health,479,-0.2525741031994211
social,600,-0.18303388049000557
