Theme,count,avg_tone
conflict,2213,-3.640575358316327
eco,737,-3.6320660749419056
env,645,-3.509341070038002
health,1197,-3.474330042576917
social,1500,-3.656029554889054
