Theme,count,avg_tone
conflict,14338,-3.6191381961446623
eco,4862,-3.522040773431143
env,3914,-3.521124599188105
health,7400,-3.6272084536438642
social,9668,-3.600330197200912
