Theme,Tone
conflict,-3.795102616581429
eco,-3.76056125492645
env,-3.800900808030869
health,-3.832497480765672
social,-3.8163995676536433
