Theme,Tone
conflict,-3.4645696719320482
eco,-3.41159309881762
env,-3.389636509835806
health,-3.4002242548689994
social,-3.508195950624677
