Theme,Tone
conflict,-2.95684122168023
eco,-2.8175236999763653
env,-3.113665287260395
health,-3.0077805937125817
social,-2.890203846021515
