Theme,Tone
conflict,-2.5122198315612994
eco,-2.5108586759279445
env,-2.523833619330807
health,-2.509690649353243
social,-2.5133455558302593
