Theme,Tone
conflict,-4.036047853392586
eco,-4.096499744215848
env,-4.048654037253724
health,-4.029009749935074
social,-4.0028836560104
