Theme,Tone
conflict,-0.8618897165137778
eco,-1.0695899884244757
env,-1.319751564372586
health,-0.6622148376078676
social,-0.6971499437219469
