Theme,Tone
conflict,-1.8340780525980074
eco,-1.8139282376213803
env,-1.8308392116749557
health,-1.8445329148680676
social,-1.8130006453254066
