Theme,Tone
conflict,-2.728196663560908
eco,-2.730536305720787
env,-2.774796442973124
health,-2.7458834976926103
social,-2.7310952627833975
