Theme,Tone
conflict,0.0594838247049712
eco,0.10974753438683395
env,-0.003550155400462323
health,0.0408931597461573
social,0.1099091260404282
