Theme,Tone
conflict,-2.2834679359479297
eco,-2.3584099540411536
env,-2.26933680268545
health,-2.2515184321392505
social,-2.2866303243850754
