Theme,Tone
conflict,-2.9223456901706433
eco,-2.906155436095029
env,-2.986342541316601
health,-2.8760372679342523
social,-2.9124915945736847
