Theme,Tone
conflict,-3.1995210900688384
eco,-3.1467616746731935
env,-3.050890928725954
health,-3.105871868310131
social,-3.1790187586736365
