Theme,Tone
conflict,-2.0200470833823503
eco,-2.0403723515015724
env,-1.974389336087154
health,-1.9738339335661124
social,-2.0252195870200316
