Theme,Tone
conflict,-2.738517145162417
eco,-2.669275205740795
env,-2.7386868714622885
health,-2.6522550672202896
social,-2.6628890551764077
