Theme,Tone
conflict,-2.6287286584251746
eco,-2.575186850488099
env,-2.655258104082524
health,-2.643097275688933
social,-2.6169666279060637
