Theme,Tone
conflict,-3.84142397791245
eco,-3.8590796910918836
env,-3.787477486752062
health,-3.8209935638904255
social,-3.807286779924338
