Theme,Tone
conflict,-2.7940512151520314
eco,-2.7114511323504247
env,-2.770207266076322
health,-2.8037922677282365
social,-2.802415998122962
