Theme,Tone
conflict,-1.7790202197605114
eco,-1.7013848335501354
env,-1.6766399338411002
health,-1.7872858429900664
social,-1.8358736501862656
