Theme,Tone
conflict,-3.1638234830349647
eco,-3.2257032177483955
env,-3.1760469079419242
health,-3.2154385576641187
social,-3.174426773732999
