Theme,Tone
conflict,-0.8518967982779688
eco,-0.8295373696773258
env,-1.0895877973632766
health,-0.6976192159507164
social,-0.9348772003437462
