Theme,Tone
conflict,-3.50833831607869
eco,-3.569341153023266
env,-3.5732826453259254
health,-3.600214533188131
social,-3.5398256679514337
