Theme,Tone
conflict,-2.7616001218833466
eco,-2.778092708438027
env,-2.6472272363325424
health,-2.7138602223365345
social,-2.737475337529603
