Theme,Tone
conflict,-1.7531812354332847
eco,-1.5797789777696696
env,-2.024787910969172
health,-1.8553233417621628
social,-2.110268682569427
