Theme,Tone
conflict,-2.9394875977250687
eco,-2.9998019815224937
env,-2.9294270444255024
health,-3.008509951929509
social,-2.9203426846826823
