Theme,Tone
conflict,-2.86135214576325
eco,-2.82427595955981
env,-2.825537144037632
health,-2.9169238362137464
social,-2.8384450753847665
