Theme,Tone
conflict,-2.0567494605937506
eco,-2.0984209861075818
env,-1.9752521524433617
health,-2.079878639430705
social,-2.0866599012632463
