Theme,count,avg_tone
conflict,7123,-3.066570401042499
eco,2389,-3.134041996744678
env,1978,-3.0083768631108243
health,3632,-3.0383917308856923
social,4822,-3.0460723777161562
