Theme,count,avg_tone
conflict,6958,-2.741323920696095
eco,2333,-2.689706921676089
env,1922,-2.654550150873777
health,3566,-2.7772217283199443
social,4567,-2.7384531640496967
