Theme,count,avg_tone
conflict,1079,-0.49979671663519265
eco,340,-0.3525682654309036
env,255,-0.49289478073216764
health,540,-0.4560270675287231
social,692,-0.5402462063263429
