Theme,count,avg_tone
conflict,18211,-4.036047853392586
eco,6036,-4.096499744215848
env,4799,-4.048654037253724
health,9330,-4.029009749935074
social,12248,-4.0028836560104
