Theme,count,avg_tone
conflict,5592,-2.678084782193298
eco,1914,-2.7532669841304203
env,1534,-2.7244347611618007
health,2910,-2.7148547169003265
social,3723,-2.677861325648442
