Theme,count,avg_tone
conflict,9920,-3.180538746100274
eco,3348,-3.2721523662451175
env,2676,-3.216335343171094
health,5088,-3.1862843000374457
social,6564,-3.2398758936957495
