Theme,count,avg_tone
conflict,8615,-3.426061637437622
eco,2930,-3.4105964164984495
env,2344,-3.3806024726838775
health,4389,-3.4381944076124134
social,5690,-3.446959809144362
