Theme,count,avg_tone
conflict,15496,-2.3982866403238376
eco,5209,-2.42312044442683
env,4163,-2.444571869182971
health,7912,-2.386766773330008
social,10325,-2.395701556132206
