Theme,count,avg_tone
conflict,4791,-3.0708333418585103
eco,1605,-3.051677367404831
env,1274,-3.0327027471603447
health,2392,-3.09387867615382
social,3162,-3.052231276514045
