Theme,count,avg_tone
conflict,2996,-3.8722176514792324
eco,1028,-3.7007216757565247
env,832,-3.767717763435736
health,1550,-3.8328444408891813
social,1952,-3.88506857873458
