Theme,count,avg_tone
conflict,27174,-3.8797561227970867
eco,9178,-3.884995676587668
env,7185,-3.900550102678444
health,13781,-3.886348456544317
social,18028,-3.8683605988798733
