Theme,count,avg_tone
conflict,91,-1.7790202197605114
eco,34,-1.7013848335501354
env,19,-1.6766399338411002
health,47,-1.7872858429900664
social,63,-1.8358736501862656
