Theme,count,avg_tone
conflict,6035,-2.8480070959587476
eco,2012,-2.910266817326994
env,1634,-2.854229277694634
health,3046,-2.768162652148627
social,3992,-2.831742608111834
