Theme,count,avg_tone
conflict,1977,-3.475883150455938
eco,663,-3.3975979606349087
env,516,-3.702685320671821
health,1013,-3.402271313234835
social,1334,-3.5207381541552176
