Theme,count,avg_tone
conflict,2347,-3.989265934577578
eco,763,-4.035164434057086
env,657,-3.978006141772379
health,1186,-3.972123648062064
social,1553,-3.9291136723248106
