Theme,count,avg_tone
conflict,3260,-3.7383191974889245
eco,1113,-3.726584977232679
env,939,-3.8209917896899714
health,1666,-3.8139877550716137
social,2169,-3.7437475379336638
