Theme,count,avg_tone
conflict,1387,-3.2795819747850206
eco,472,-3.457657648142724
env,378,-3.316449950706116
health,711,-3.3642772659215017
social,919,-3.2158604328763665
