Theme,count,avg_tone
conflict,13334,-2.77895381326617
eco,4553,-2.808653057680431
env,3568,-2.817531186827758
health,6712,-2.7606621148403314
social,8827,-2.7905012345216638
