Theme,count,avg_tone
conflict,151,0.3055382826452416
eco,56,-0.11088369615094076
env,37,-0.4398072408642293
health,81,0.25978206048676694
social,112,0.4293500608597261
