Theme,count,avg_tone
conflict,6329,-3.0098452916243414
eco,2117,-3.0268659966310603
env,1744,-2.9328797030515985
health,3266,-3.0202934418372247
social,4226,-3.027297799023283
