Theme,count,avg_tone
conflict,36758,-3.2237436840639235
eco,12383,-3.237433745201196
env,9942,-3.1956223039013243
health,18589,-3.200836331148456
social,24430,-3.226429926588094
