Theme,count,avg_tone
conflict,495,-1.3285430630000654
eco,170,-1.2305334263450778
env,134,-1.0593796340958008
health,245,-1.2279728257808002
social,325,-1.396162953696162
