Theme,count,avg_tone
conflict,1144,-3.3309522755655268
eco,345,-3.4012228338941344
env,309,-3.4599272541808643
health,590,-3.1432895801142613
social,737,-3.284531322432126
