Theme,count,avg_tone
conflict,1614,-3.646427073120709
eco,547,-3.3491346638564408
env,450,-3.475852564234285
health,848,-3.614207191240397
social,1091,-3.6591590160469574
