Theme,count,avg_tone
conflict,1525,-4.046586163679454
eco,507,-4.052945001002449
env,398,-4.130994046586647
health,735,-4.147621692647036
social,992,-4.1851418846843185
