Theme,count,avg_tone
conflict,31172,-2.902178607250036
eco,10376,-2.892351194502711
env,8079,-2.8891964332417333
health,15741,-2.90538397134496
social,20650,-2.8955501409407276
