Theme,count,avg_tone
conflict,966,-4.099641553795041
eco,325,-4.096170073415137
env,253,-3.944891744520402
health,488,-3.8627158936797854
social,664,-4.1065181816425085
