Theme,count,avg_tone
conflict,1403,-3.5807080725683527
eco,457,-3.5917358554073204
env,391,-3.7969311953758837
health,704,-3.5953688710934895
social,930,-3.629921569785318
