Theme,count,avg_tone
conflict,1532,-3.573563090730769
eco,529,-3.731648214098971
env,396,-3.691950224413496
health,737,-3.57715948499327
social,1038,-3.5293881443630073
