Theme,count,avg_tone
conflict,11921,-2.4818811060830317
eco,3898,-2.475918106060895
env,3174,-2.4640042150256076
health,6098,-2.460528255229793
social,7835,-2.4645032925918313
