Theme,count,avg_tone
conflict,10792,-2.9454970759575168
eco,3479,-2.910077852633878
env,2933,-2.9660330404541435
health,5438,-2.9211484090692177
social,7054,-2.9052141597136316
