Theme,count,avg_tone
conflict,5103,-2.6318907188489553
eco,1642,-2.5383801924886966
env,1354,-2.5655997828114194
health,2593,-2.6170654231516504
social,3404,-2.651208926249498
