Theme,count,avg_tone
conflict,6814,-2.747758771594424
eco,2246,-2.598110469388243
env,1761,-2.595143027046179
health,3485,-2.6559752121915343
social,4473,-2.729562980340792
