Theme,count,avg_tone
conflict,44438,-4.041698688045354
eco,14691,-4.063285435757245
env,11859,-4.03690141545518
health,22509,-4.04138667467945
social,29409,-4.036761291447048
