Theme,count,avg_tone
conflict,8813,-4.222949053452851
eco,3009,-4.215772469473626
env,2324,-4.21166178160105
health,4522,-4.204294128554873
social,5824,-4.219550773494341
