Theme,count,avg_tone
conflict,23703,-2.545672939203236
eco,7815,-2.5019546205725463
env,6126,-2.6045799299818615
health,11871,-2.5563121325163514
social,15725,-2.5350505152366702
