Theme,count,avg_tone
conflict,979,-1.5246781596406904
eco,302,-1.6005092776799947
env,277,-1.5452236442170517
health,480,-1.3470924493294376
social,662,-1.4981175262363435
