Theme,count,avg_tone
conflict,12467,-2.734107860457065
eco,4354,-2.740431189466323
env,3278,-2.720517202859002
health,6454,-2.736671386593202
social,8329,-2.732101835588352
