Theme,count,avg_tone
conflict,674,-2.8593459364424887
eco,239,-2.8374848758342233
env,171,-3.051993033139304
health,355,-2.9978649792174954
social,442,-2.832722010221046
