Theme,count,avg_tone
conflict,9497,-1.6817322091417108
eco,3216,-1.6976584631451177
env,2595,-1.6532190526503936
health,4906,-1.7136611626626523
social,6346,-1.6779366461135299
