Theme,count,avg_tone
conflict,21248,-3.5927869015034894
eco,7162,-3.5856584200664545
env,5779,-3.534792210402039
health,10836,-3.5784717368131482
social,14164,-3.6053777718199855
