Theme,count,avg_tone
conflict,33044,-4.079967929401134
eco,10932,-4.095607761784053
env,8783,-4.106022490612966
health,16926,-4.0706607623013396
social,22084,-4.080405775795238
