Theme,count,avg_tone
conflict,41207,-3.736159992668126
eco,14092,-3.7578088637383127
env,11217,-3.7303344445897673
health,20976,-3.7216063190896795
social,27509,-3.7251414681397566
