Theme,count,avg_tone
conflict,148,-2.243562085680848
eco,49,-2.528536084761343
env,47,-2.1634840838973006
health,70,-2.1916431935681158
social,101,-2.2740067569325113
