Theme,count,avg_tone
conflict,2450,-3.005440345728767
eco,787,-3.120921204704869
env,659,-3.0688664806760584
health,1257,-3.062532257001008
social,1675,-2.989269611828595
