Theme,count,avg_tone
conflict,10298,-2.2834679359479297
eco,3470,-2.3584099540411536
env,2770,-2.26933680268545
health,5195,-2.2515184321392505
social,6785,-2.2866303243850754
