Theme,count,avg_tone
conflict,319,-1.4913261622491447
eco,113,-1.4199213776633277
env,86,-1.649275378525629
health,173,-1.4765680387925273
social,197,-1.57654043084371
