Theme,count,avg_tone
conflict,924,-0.81955756079095
eco,309,-0.6214161801674919
env,242,-0.6894793592732295
health,479,-0.8402581717126867
social,656,-0.8208627405179522
