Theme,count,avg_tone
conflict,2255,-3.5239141971111394
eco,756,-3.5811343252502037
env,637,-3.4376640558193436
health,1160,-3.46512969730883
social,1531,-3.520262421963129
