Theme,count,avg_tone
conflict,15217,-3.8273479814618936
eco,5150,-3.724079051655844
env,4103,-3.813567805968791
health,7715,-3.8386171030408898
social,10051,-3.7955369032001367
