Theme,Tone
conflict,-2.899560025303507
eco,-2.9364228327784847
env,-2.9062033842882666
health,-2.8652820965936874
social,-2.9284924775826564
