Theme,Tone
conflict,1.8567452761775947
eco,2.143702053259731
env,1.0472038534815502
health,1.7187820539856322
social,1.7234335550368718
