Theme,Tone
conflict,-2.2676310724258193
eco,-2.315694679618447
env,-2.251721524344039
health,-2.245158267297272
social,-2.21511622959455
