Theme,Tone
conflict,-2.8593459364424887
eco,-2.8374848758342233
env,-3.051993033139304
health,-2.9978649792174954
social,-2.832722010221046
