Theme,Tone
conflict,-3.868573406935001
eco,-2.6181253118938153
env,-3.3668053732466383
health,-3.3358927560346987
social,-4.073044628225309
