Theme,Tone
conflict,-2.8683721940900817
eco,-2.9488897008016743
env,-2.979760413080243
health,-2.8971117705385123
social,-2.860328954466574
