Theme,Tone
conflict,-3.6859510670156905
eco,-3.706915164000181
env,-3.707104511721272
health,-3.68549314713437
social,-3.688483313038826
