Theme,Tone
conflict,-2.843995928730766
eco,-2.837208447312964
env,-2.9743256593045153
health,-2.832404968207482
social,-2.843730096161758
