Theme,Tone
conflict,-2.826077121575817
eco,-2.815955820154339
env,-2.8395038252539995
health,-2.8398213579044813
social,-2.842978289435632
