Theme,Tone
conflict,-3.8599156134905415
eco,-4.032369413702735
env,-4.010667756986709
health,-3.857171891451821
social,-3.853044581940414
