Theme,Tone
conflict,-0.9205582915088137
eco,-1.027233933660245
env,-1.1852007937525852
health,-0.976007637811472
social,-0.9443465470551323
