Theme,Tone
conflict,-2.683498512674229
eco,-2.663862510393731
env,-2.668588365603194
health,-2.6423426326240977
social,-2.6603874263999328
