Theme,Tone
conflict,-2.07782346216102
eco,-2.273401908169072
env,-1.959201043744286
health,-2.0391756017607867
social,-2.0677567928136855
