Theme,Tone
conflict,-3.1309033771015855
eco,-3.0776416080382942
env,-3.2551098109084333
health,-3.141120500689336
social,-3.1106406851450052
