Theme,Tone
conflict,-3.6454431705921926
eco,-3.635033820875704
env,-3.6332998458843266
health,-3.674408140234658
social,-3.6234866585883867
