Theme,Tone
conflict,-0.2078159451589101
eco,-0.21439503118346712
env,-0.24378243558868165
health,-0.2809526206575101
social,-0.1653012566426789
