Theme,Tone
conflict,-3.563739651121108
eco,-3.5756701140189375
env,-3.609592049665015
health,-3.5653212135578327
social,-3.5824919331360334
