Theme,Tone
conflict,-3.574102172587802
eco,-3.5872152161353132
env,-3.386324412689339
health,-3.5624083477339155
social,-3.5453186653224256
