Theme,Tone
conflict,-3.475883150455938
eco,-3.3975979606349087
env,-3.702685320671821
health,-3.402271313234835
social,-3.5207381541552176
