Theme,Tone
conflict,-2.834252738845369
eco,-2.8249464029224627
env,-2.85132117912737
health,-2.8392869373249447
social,-2.8333665140461757
