Theme,Tone
conflict,-2.3942409475030613
eco,-2.40298435162749
env,-2.401666684545969
health,-2.344022308685801
social,-2.356820055729958
