Theme,Tone
conflict,-3.24620318281406
eco,-3.263748534359139
env,-3.1460431295466242
health,-3.2380215479771977
social,-3.1707527709770784
