Theme,Tone
conflict,-2.7156533020734006
eco,-2.6790417974457474
env,-2.6617558842250832
health,-2.6773939753060167
social,-2.6971423535326293
