Theme,Tone
conflict,-2.758349054271518
eco,-2.8280206133273977
env,-2.672599904520694
health,-2.684962035292508
social,-2.686602572356847
