Theme,Tone
conflict,-2.178275330060569
eco,-2.116004109118069
env,-2.1979433515587803
health,-2.1794820479033037
social,-2.1634883583311275
