Theme,Tone
conflict,-3.021652192543463
eco,-2.9629295725878135
env,-2.6564143202955224
health,-2.940552591982964
social,-2.788459392828013
