Theme,Tone
conflict,-2.051105381896749
eco,-1.7642411370780007
env,-2.579448648606601
health,-2.248019928945475
social,-2.289661120432771
