Theme,Tone
conflict,-0.49979671663519265
eco,-0.3525682654309036
env,-0.49289478073216764
health,-0.4560270675287231
social,-0.5402462063263429
