Theme,Tone
conflict,-2.4544386263417146
eco,-2.458668001069703
env,-2.504489857308162
health,-2.487416073042121
social,-2.482449452805384
