Theme,Tone
conflict,-2.345106168565456
eco,-2.348201064606341
env,-2.3620511162539444
health,-2.344782648237977
social,-2.297002154679274
