Theme,Tone
conflict,-4.207463970123276
eco,-4.226809563229018
env,-4.235606549800445
health,-4.226894181526006
social,-4.206559890658461
