Theme,Tone
conflict,-3.646427073120709
eco,-3.3491346638564408
env,-3.475852564234285
health,-3.614207191240397
social,-3.6591590160469574
