Theme,Tone
conflict,-3.806617355822027
eco,-3.941518043168231
env,-3.8335074381135787
health,-3.916889582932156
social,-3.729380623681353
