Theme,Tone
conflict,-3.220162879524736
eco,-3.071921868841584
env,-3.2103639674134614
health,-3.1648674333168016
social,-3.1495257996603203
