Theme,Tone
conflict,-2.785213862888372
eco,-2.8431153418493578
env,-2.683018159511327
health,-2.74011925975897
social,-2.7839247537563825
