Theme,Tone
conflict,-4.149935265244667
eco,-4.115148417382916
env,-4.084046247552184
health,-4.263816175546514
social,-4.141601974456012
