Theme,Tone
conflict,-3.396048995420518
eco,-3.319400665848717
env,-3.5655442297634585
health,-3.3273014601995157
social,-3.4051028457544104
