Theme,Tone
conflict,-3.7605200390674636
eco,-3.7536960089444573
env,-3.7369103132316783
health,-3.762063267255292
social,-3.752268278874209
