Theme,Tone
conflict,-2.7850285122136538
eco,-2.7436756951715258
env,-2.7017014616072483
health,-2.7239303617289816
social,-2.8112007837231885
