Theme,Tone
conflict,-2.6818130752482827
eco,-2.7481583267980114
env,-2.637363593526393
health,-2.632987296050142
social,-2.6570075547232723
