Theme,count,avg_tone
conflict,4555.0,-3.6585092058670576
eco,1542.0,-3.79900769746303
env,1236.0,-3.6765977512210717
health,2283.0,-3.646108091231363
social,3088.0,-3.6717313111500425
