Theme,count,avg_tone
conflict,4302.0,-3.244559614524551
eco,1510.0,-3.285238510587458
env,1130.0,-3.3168371627821416
health,2159.0,-3.3013707229618223
social,2856.0,-3.289431421656256
