Theme,count,avg_tone
conflict,501.0,-1.3768039255870776
eco,156.0,-1.159466973161791
env,131.0,-1.4898253374210066
health,252.0,-1.4177792452292042
social,328.0,-1.3378931968063184
