Theme,count,avg_tone
conflict,2033.0,-3.2554247618504966
eco,677.0,-3.191714194771035
env,564.0,-3.236664100875783
health,1083.0,-3.172143115041206
social,1333.0,-3.3860169017668738
