Theme,count,avg_tone
conflict,16881.0,-3.419360124608523
eco,5589.0,-3.4409535124458763
env,4542.0,-3.4370740242606455
health,8705.0,-3.425295233732248
social,11310.0,-3.4139226171759396
