Theme,count,avg_tone
conflict,9384.0,-3.2254455568330873
eco,3167.0,-3.2006801011887775
env,2551.0,-3.280542015259046
health,4761.0,-3.1701780271591593
social,6167.0,-3.214670400925632
