Theme,count,avg_tone
conflict,7272.0,-3.4645696719320482
eco,2399.0,-3.41159309881762
env,1978.0,-3.389636509835806
health,3710.0,-3.4002242548689994
social,4815.0,-3.508195950624677
