Theme,count,avg_tone
conflict,13549.0,-2.328790025745865
eco,4597.0,-2.416962833962351
env,3695.0,-2.2973470186942944
health,6862.0,-2.3944841590916996
social,9094.0,-2.3265311567037763
