Theme,count,avg_tone
conflict,6147.0,-2.8139406958360382
eco,2039.0,-2.7068666450913654
env,1664.0,-2.799805060815015
health,3068.0,-2.800782812761365
social,4055.0,-2.8250670754495304
