Theme,count,avg_tone
conflict,2049.0,-4.117840211878446
eco,633.0,-3.8451969458404958
env,499.0,-4.291772625118666
health,1085.0,-4.1694819885539545
social,1342.0,-4.0833581683906885
