Theme,count,avg_tone
conflict,22369.0,-4.269316169473304
eco,7372.0,-4.288973455248661
env,5794.0,-4.313270081105489
health,11390.0,-4.27993977961598
social,14816.0,-4.269627620927328
