Theme,count,avg_tone
conflict,12347.0,-2.8864899424620845
eco,4041.0,-2.892949267021407
env,3367.0,-2.8486163724970903
health,6340.0,-2.874855487913511
social,8179.0,-2.9183696093800835
