Theme,count,avg_tone
conflict,1551.0,-3.583373955168108
eco,486.0,-3.6289407872237227
env,407.0,-3.4063060995851635
health,774.0,-3.7381112979748674
social,1035.0,-3.5372667985177926
