Theme,count,avg_tone
conflict,2377.0,-3.6256824758235418
eco,789.0,-3.7710094007180297
env,665.0,-3.830805594620098
health,1232.0,-3.6443775530215414
social,1588.0,-3.6649158537283135
