Theme,count,avg_tone
conflict,2851.0,-3.849861280854575
eco,948.0,-3.6077059251915444
env,738.0,-3.76214049319552
health,1450.0,-3.782546092589284
social,1926.0,-3.8512208592570945
