Theme,count,avg_tone
conflict,2214.0,-3.2892731772810357
eco,740.0,-3.372402395021135
env,560.0,-3.351050895049934
health,1099.0,-3.2376043836822825
social,1436.0,-3.202527278327422
