Theme,count,avg_tone
conflict,22961.0,-2.76269965077686
eco,7675.0,-2.7765092955612065
env,6207.0,-2.7929397936854046
health,11641.0,-2.7814725589049387
social,15130.0,-2.7536207804443547
