Theme,count,avg_tone
conflict,135.0,0.06511086902149799
eco,40.0,-0.0026331481772983592
env,37.0,-0.3586256730360565
health,59.0,0.004620531385462633
social,82.0,0.19691963718954048
