Theme,count,avg_tone
conflict,4933.0,-2.9352264726156174
eco,1649.0,-2.9757784847748687
env,1383.0,-3.0142014650206455
health,2555.0,-2.928853421552557
social,3246.0,-2.9952844384235027
