Theme,count,avg_tone
conflict,535.0,-1.8876383830068888
eco,202.0,-2.4434737875020107
env,147.0,-2.1868569438693095
health,288.0,-2.106666968454093
social,376.0,-2.2175915902325682
