Theme,count,avg_tone
conflict,18809.0,-3.017640301336102
eco,6308.0,-3.1217068221484414
env,5159.0,-3.025743573425775
health,9440.0,-2.9914741357500296
social,12387.0,-3.0206975796676776
