Theme,count,avg_tone
conflict,1190.0,-3.486017489228704
eco,392.0,-3.6609168158826138
env,306.0,-3.4150693179716396
health,584.0,-3.5090543051443133
social,800.0,-3.4593186331391763
