Theme,count,avg_tone
conflict,1283.0,-3.126082482180866
eco,437.0,-2.9558313602724633
env,372.0,-3.4367458734546172
health,632.0,-3.171309749859545
social,891.0,-3.0884914885121715
