Theme,count,avg_tone
conflict,25228.0,-3.1928809992217255
eco,8415.0,-3.1344890015264077
env,6693.0,-3.1985043268338544
health,12903.0,-3.1640111326436493
social,16825.0,-3.158403454406215
