Theme,count,avg_tone
conflict,1411.0,-3.1731084482645793
eco,479.0,-3.091427912510104
env,394.0,-2.981535404250637
health,724.0,-3.210654109248703
social,948.0,-3.092328645264852
