Theme,count,avg_tone
conflict,1019.0,-3.4174567112625307
eco,365.0,-3.5018501225490195
env,266.0,-3.4475395292290325
health,537.0,-3.5523462832651336
social,736.0,-3.3515565185221585
