Theme,count,avg_tone
conflict,1157.0,-3.2773554833003176
eco,385.0,-3.2782208636294587
env,291.0,-3.155321994819258
health,586.0,-3.2407963305930854
social,788.0,-3.333370601083055
