Theme,count,avg_tone
conflict,1729.0,-3.315120663368946
eco,571.0,-3.346909338957889
env,473.0,-3.254019889707172
health,879.0,-3.3238658415127844
social,1156.0,-3.3868656493851046
