Theme,count,avg_tone
conflict,5405.0,-3.0334604487951786
eco,1784.0,-2.982270613826287
env,1487.0,-3.0106649837722492
health,2746.0,-3.082537388445724
social,3516.0,-3.020758514571511
