Theme,count,avg_tone
conflict,11614.0,-2.8300002053786306
eco,3889.0,-2.8006852134115965
env,3065.0,-2.8646989764275803
health,5851.0,-2.8402622436263427
social,7628.0,-2.841032525081109
