Theme,count,avg_tone
conflict,11419.0,-2.9240590826279793
eco,3687.0,-3.007193149025174
env,3106.0,-2.896835286245161
health,5747.0,-2.9152948713040394
social,7606.0,-2.9282712155230364
