Theme,count,avg_tone
conflict,6158.0,-2.959856810642968
eco,2107.0,-2.9641046863358125
env,1637.0,-2.90501364114436
health,3215.0,-2.978412411838867
social,4112.0,-2.978838604012474
