Theme,count,avg_tone
conflict,7366.0,-3.8440636671446033
eco,2470.0,-3.830426111639467
env,2024.0,-3.813532091745956
health,3772.0,-3.8282393478224543
social,4999.0,-3.79735772577554
