Theme,count,avg_tone
conflict,18240.0,-2.4627622495747152
eco,6085.0,-2.4399064849149634
env,4934.0,-2.416829337653747
health,9434.0,-2.465904916437443
social,12175.0,-2.422892234985186
