Theme,count,avg_tone
conflict,1249.0,-1.4787421996638608
eco,422.0,-1.7023743363559065
env,369.0,-1.7316719208143292
health,664.0,-1.465546546603226
social,858.0,-1.3966781448879293
