Theme,count,avg_tone
conflict,1053.0,-2.95684122168023
eco,368.0,-2.8175236999763653
env,284.0,-3.113665287260395
health,525.0,-3.0077805937125817
social,691.0,-2.890203846021515
