Theme,count,avg_tone
conflict,8086.0,-1.7426337566425343
eco,2739.0,-1.7407198375961008
env,2191.0,-1.7998120568348523
health,4108.0,-1.758876738924124
social,5329.0,-1.735656120454506
