Theme,count,avg_tone
conflict,30436.0,-3.970291381282282
eco,10254.0,-3.9552242895997716
env,8241.0,-3.9825030016581744
health,15589.0,-3.9438850761591193
social,20363.0,-3.951824482563542
