Theme,count,avg_tone
conflict,16185.0,-3.6859510670156905
eco,5391.0,-3.706915164000181
env,4328.0,-3.707104511721272
health,8240.0,-3.68549314713437
social,10884.0,-3.688483313038826
