Theme,count,avg_tone
conflict,18234.0,-2.9352242815439045
eco,6190.0,-2.950368253778904
env,4907.0,-2.9550053982449884
health,9192.0,-2.942983429397029
social,12081.0,-2.9424734801962633
