Theme,count,avg_tone
conflict,76.0,-1.0720768047864155
eco,38.0,-1.0284876686366773
env,14.0,-1.8383976127824886
health,36.0,-1.2272945732477647
social,59.0,-0.8157838619504187
