Theme,count,avg_tone
conflict,1836.0,-2.7458878490749865
eco,569.0,-2.8289215356948505
env,439.0,-2.599311673746033
health,913.0,-2.6771988739574586
social,1208.0,-2.8082124847049545
