Theme,count,avg_tone
conflict,7662.0,-2.4131961602570327
eco,2600.0,-2.405821028610436
env,2033.0,-2.409638739900725
health,3866.0,-2.4600089474473714
social,5033.0,-2.422111656273119
