Theme,count,avg_tone
conflict,156.0,-1.7259467293247122
eco,55.0,-1.830366696613136
env,45.0,-1.9928687489205998
health,87.0,-1.4834091129704672
social,103.0,-1.6349520541904816
