Theme,count,avg_tone
conflict,728.0,-0.5015308087727449
eco,227.0,-0.5595768510155884
env,201.0,-0.12247542464257972
health,365.0,-0.3492262119954134
social,488.0,-0.4141286480638316
