Theme,count,avg_tone
conflict,1707.0,-3.806617355822027
eco,552.0,-3.941518043168231
env,456.0,-3.8335074381135787
health,839.0,-3.916889582932156
social,1116.0,-3.729380623681353
