Theme,count,avg_tone
conflict,5461.0,-3.3227436499619643
eco,1913.0,-3.1673330067400576
env,1478.0,-3.3559978582862726
health,2855.0,-3.2969053512903552
social,3553.0,-3.288368150181232
