Theme,count,avg_tone
conflict,4498.0,-2.7109559655135578
eco,1501.0,-2.839654251049627
env,1254.0,-2.8448074170584587
health,2242.0,-2.8504393612621755
social,2955.0,-2.785291771219003
