Theme,count,avg_tone
conflict,741.0,-0.2707174920065034
eco,283.0,-0.4371536589071025
env,213.0,-0.398446320742549
health,384.0,-0.3730720833565762
social,508.0,-0.26804875060372074
