Theme,count,avg_tone
conflict,16891.0,-3.0619180742271412
eco,5639.0,-3.0939485107640228
env,4420.0,-3.062966701407655
health,8587.0,-3.0554792917423907
social,11172.0,-3.0454671813654337
