Theme,count,avg_tone
conflict,1681.0,-3.3424136272064633
eco,557.0,-3.027588991221868
env,452.0,-3.259762976806936
health,861.0,-3.1985969581923253
social,1104.0,-3.2389649093775827
