Theme,count,avg_tone
conflict,10051.0,-3.2147082366922213
eco,3504.0,-3.195310898213106
env,2743.0,-3.2139896291239447
health,5143.0,-3.2146585681743205
social,6659.0,-3.2015022938438573
