Theme,count,avg_tone
conflict,15403.0,-2.1600789088498007
eco,5096.0,-2.1156301494540215
env,4034.0,-2.042060219784009
health,7838.0,-2.1014275145404917
social,10348.0,-2.1348108568384987
