Theme,count,avg_tone
conflict,6234.0,-2.621602008551372
eco,2066.0,-2.5995806357042337
env,1618.0,-2.6937487181135933
health,3138.0,-2.58041325756708
social,4125.0,-2.6665268165186373
