Theme,count,avg_tone
conflict,2346.0,-3.450653664620571
eco,808.0,-3.3296942046912004
env,622.0,-3.3069083948320377
health,1171.0,-3.5903671875960357
social,1565.0,-3.4575994826150116
