Theme,count,avg_tone
conflict,24750.0,-4.207463970123276
eco,8421.0,-4.226809563229018
env,6728.0,-4.235606549800445
health,12666.0,-4.226894181526006
social,16484.0,-4.206559890658461
