Theme,count,avg_tone
conflict,12238.0,-2.8095756056811014
eco,4026.0,-2.8501279703668345
env,3240.0,-2.7626060409480724
health,6303.0,-2.82655793463493
social,8185.0,-2.8113804942988234
