Theme,count,avg_tone
conflict,1781.0,-2.9563886943320936
eco,627.0,-3.0645371253407903
env,487.0,-3.0682940502733342
health,923.0,-3.064267874298807
social,1223.0,-2.9664263636441186
