Theme,count,avg_tone
conflict,3184.0,-3.6074899775584726
eco,1071.0,-3.6288622748000723
env,845.0,-3.6765896027902323
health,1606.0,-3.68049526916584
social,2138.0,-3.643143479640898
