Theme,count,avg_tone
conflict,3075.0,-3.65984009068903
eco,1014.0,-3.67983568010391
env,858.0,-3.6922138145365007
health,1566.0,-3.7179621206005207
social,2096.0,-3.6167829265063256
