Theme,count,avg_tone
conflict,2231.0,-2.497577479536533
eco,767.0,-2.7833340497979324
env,638.0,-2.544932280203734
health,1153.0,-2.4948214223154928
social,1511.0,-2.505332101588951
