Theme,count,avg_tone
conflict,25319.0,-2.4891837600007616
eco,8388.0,-2.4435343785787356
env,6771.0,-2.469835440200677
health,12825.0,-2.458748433698188
social,16753.0,-2.478379079511476
