Theme,count,avg_tone
conflict,196.0,0.06583094233286145
eco,64.0,0.09062487224314653
env,58.0,0.18498183101306148
health,110.0,0.463708129226191
social,128.0,0.29735778775284716
