Theme,count,avg_tone
conflict,5638.0,-2.5835393881432616
eco,1805.0,-2.6458254569170117
env,1434.0,-2.5289945284795428
health,2831.0,-2.58271300070111
social,3757.0,-2.600187786384656
