Theme,count,avg_tone
conflict,17129.0,-2.6818130752482827
eco,5652.0,-2.7481583267980114
env,4489.0,-2.637363593526393
health,8646.0,-2.632987296050142
social,11397.0,-2.6570075547232723
