Theme,count,avg_tone
conflict,745.0,-1.7116823719075278
eco,223.0,-1.4386062001230915
env,205.0,-1.7815864200516094
health,346.0,-1.661457419244215
social,473.0,-1.8478746212770936
