Theme,count,avg_tone
conflict,1889.0,-2.872334569947898
eco,685.0,-2.972014434443303
env,488.0,-2.9373007145075585
health,920.0,-2.9601826759149987
social,1292.0,-2.855597225642085
