Theme,count,avg_tone
conflict,1361.0,-3.6414364678974995
eco,488.0,-3.6211805491280815
env,350.0,-3.7009087427694163
health,661.0,-3.6805910146292575
social,934.0,-3.58829653562442
