Theme,count,avg_tone
conflict,1864.0,-3.602480444012241
eco,628.0,-3.6217054117763343
env,495.0,-3.534693086159494
health,976.0,-3.674689426967661
social,1251.0,-3.637018556015847
