Theme,count,avg_tone
conflict,25525.0,-2.4544386263417146
eco,8641.0,-2.458668001069703
env,6875.0,-2.504489857308162
health,13112.0,-2.487416073042121
social,17026.0,-2.482449452805384
