Theme,count,avg_tone
conflict,1054.0,-3.540382904213043
eco,379.0,-3.448754779029885
env,269.0,-3.623942989965906
health,545.0,-3.4971777374663247
social,681.0,-3.6459286886065803
