Theme,count,avg_tone
conflict,1372.0,-3.3222424172472693
eco,485.0,-3.2506199621439573
env,380.0,-3.5450592678265527
health,697.0,-3.2965638286337406
social,899.0,-3.292079294135821
