Theme,count,avg_tone
conflict,2155.0,-3.275521915366516
eco,726.0,-3.4345386147538624
env,613.0,-3.262757023673027
health,1106.0,-3.3375715541730613
social,1437.0,-3.333290032648349
