Theme,count,avg_tone
conflict,5621.0,-2.23335398400757
eco,1849.0,-2.014575549461388
env,1538.0,-2.071066568202293
health,2858.0,-2.17507003296477
social,3688.0,-2.2164462928631696
