Theme,count,avg_tone
conflict,14418.0,-2.6044299851980175
eco,4844.0,-2.6312600948973532
env,3877.0,-2.6002262370840867
health,7348.0,-2.63916582079831
social,9506.0,-2.622858078042351
