Theme,count,avg_tone
conflict,13132.0,-2.826077121575817
eco,4442.0,-2.815955820154339
env,3617.0,-2.8395038252539995
health,6647.0,-2.8398213579044813
social,8734.0,-2.842978289435632
