Theme,count,avg_tone
conflict,5578.0,-2.7172848263023845
eco,1858.0,-2.696508948479712
env,1546.0,-2.7995443884949536
health,2876.0,-2.7507902185635746
social,3719.0,-2.7143072209043155
