Theme,count,avg_tone
conflict,8072.0,-4.085508402651913
eco,2674.0,-4.08048856870057
env,2160.0,-4.076456799158901
health,4110.0,-4.085622998976101
social,5312.0,-4.032774053074914
