Theme,count,avg_tone
conflict,18981.0,-2.531045906413962
eco,6467.0,-2.586968723393047
env,5097.0,-2.5509486591162993
health,9697.0,-2.5512702871224837
social,12440.0,-2.58480512955193
