Theme,count,avg_tone
conflict,1470.0,-1.514213199108442
eco,503.0,-1.4098485289460405
env,419.0,-1.5780712768902536
health,758.0,-1.596025386366247
social,993.0,-1.460671828867964
