Theme,count,avg_tone
conflict,11673.0,-2.328050380394064
eco,3865.0,-2.3379813210532374
env,3182.0,-2.346519275011996
health,6045.0,-2.3344656250932414
social,7840.0,-2.2903229406698866
