Theme,count,avg_tone
conflict,670.0,-2.4805178681095064
eco,214.0,-2.314572503332699
env,186.0,-2.6052696785720655
health,353.0,-2.5346858531966845
social,447.0,-2.392070226534386
