Theme,count,avg_tone
conflict,10279.0,-1.6743269418000257
eco,3422.0,-1.673875568711664
env,2745.0,-1.6935540195463243
health,5142.0,-1.6532626035092446
social,6775.0,-1.6527987072405328
