Theme,count,avg_tone
conflict,20312.0,-3.563739651121108
eco,6649.0,-3.5756701140189375
env,5328.0,-3.609592049665015
health,10174.0,-3.5653212135578327
social,13403.0,-3.5824919331360334
