Theme,count,avg_tone
conflict,33119.0,-4.058060232692441
eco,11096.0,-4.064105767583432
env,8988.0,-4.078749609099085
health,17011.0,-4.0664933787572854
social,22112.0,-4.064233410771622
