Theme,count,avg_tone
conflict,28438.0,-2.929120543071797
eco,9495.0,-2.89965193247968
env,7555.0,-2.9526278362565854
health,14362.0,-2.8803575816836595
social,18711.0,-2.9298726649949374
