Theme,count,avg_tone
conflict,82.0,-1.8198213842242854
eco,27.0,-1.1871940610407932
env,13.0,-2.355897493037401
health,41.0,-1.9286827084133205
social,54.0,-1.4536674386425092
