Theme,count,avg_tone
conflict,1778.0,-2.2222384104408492
eco,620.0,-2.438772622848263
env,474.0,-2.257460912173148
health,898.0,-2.1589744358457215
social,1202.0,-2.270282808255458
