Theme,count,avg_tone
conflict,8473.0,-2.2518874332085215
eco,2873.0,-2.3245486419627137
env,2273.0,-2.225928305477528
health,4372.0,-2.2278293450631717
social,5622.0,-2.263656316583801
