Theme,count,avg_tone
conflict,407.0,-1.7544466265390817
eco,130.0,-1.8400353396382438
env,87.0,-2.016034781112076
health,217.0,-1.8027109010097775
social,264.0,-1.6630745790166979
