Theme,count,avg_tone
conflict,718.0,-0.9035056167316408
eco,249.0,-0.7723522289405828
env,200.0,-0.9087034016516092
health,394.0,-0.8915031650869805
social,477.0,-0.8932781269537513
