Theme,count,avg_tone
conflict,1719.0,-3.2245723812431333
eco,559.0,-3.3711471771683583
env,482.0,-3.338919430825881
health,886.0,-3.2117410059513563
social,1145.0,-3.226029479753098
