Theme,count,avg_tone
conflict,10679.0,-3.6454431705921926
eco,3605.0,-3.635033820875704
env,2876.0,-3.6332998458843266
health,5501.0,-3.674408140234658
social,7087.0,-3.6234866585883867
