Theme,Tone
conflict,-2.903054692046987
eco,-2.9255744597623683
env,-2.851262536617951
health,-2.9092161891862376
social,-2.8334404505013406
