Theme,Tone
conflict,-2.6773661820092345
eco,-2.7139708588830556
env,-2.7277548413155888
health,-2.6536637240828207
social,-2.7007804335990775
