Theme,Tone
conflict,-2.6371874616723887
eco,-2.5951178723937294
env,-2.580338633492505
health,-2.6255429449683256
social,-2.6658623801938486
