Theme,Tone
conflict,-2.4203920720975693
eco,-2.508607420684006
env,-2.4705200637161213
health,-2.4083431010172665
social,-2.426440892507611
