Theme,Tone
conflict,-2.77895381326617
eco,-2.808653057680431
env,-2.817531186827758
health,-2.7606621148403314
social,-2.7905012345216638
