Theme,Tone
conflict,-0.6679490581951049
eco,-0.5196235352439602
env,-0.5893915391939962
health,-0.6421059372866555
social,-0.6094656803679293
