Theme,Tone
conflict,-2.5876237838213956
eco,-2.5166588369877494
env,-2.55606003820215
health,-2.59407283162367
social,-2.5834521080239976
