Theme,Tone
conflict,-2.7670970169468423
eco,-2.7154158842305773
env,-2.8458289117465494
health,-2.7272512083992266
social,-2.7618764591885427
