Theme,Tone
conflict,-3.3215176398425283
eco,-3.247613049542359
env,-3.2748032750418212
health,-3.2812000875768863
social,-3.3174001786545166
