Theme,Tone
conflict,-2.621602008551372
eco,-2.5995806357042337
env,-2.6937487181135933
health,-2.58041325756708
social,-2.6665268165186373
