Theme,Tone
conflict,-2.3982866403238376
eco,-2.42312044442683
env,-2.444571869182971
health,-2.386766773330008
social,-2.395701556132206
