Theme,Tone
conflict,-2.5317529108949124
eco,-2.526068647327773
env,-2.5444817457365905
health,-2.552776416241991
social,-2.5268634043540716
