Theme,Tone
conflict,-2.744240029169021
eco,-2.845380073216215
env,-2.89141450044196
health,-2.840899333062663
social,-2.718396262566937
