Theme,Tone
conflict,-2.545672939203236
eco,-2.5019546205725463
env,-2.6045799299818615
health,-2.5563121325163514
social,-2.5350505152366702
