Theme,Tone
conflict,-3.0675399174950733
eco,-3.069570521422758
env,-3.048849173489771
health,-3.0567088946918712
social,-3.0622294189806736
