Theme,Tone
conflict,-2.737350427375494
eco,-2.707013208117738
env,-2.7268136776960494
health,-2.7537783089509693
social,-2.7698313002725783
