Theme,Tone
conflict,-2.368926130482107
eco,-2.1339943042941214
env,-2.6337280276588158
health,-2.3918684811348254
social,-2.4561294878749953
