Theme,Tone
conflict,-3.6256824758235418
eco,-3.7710094007180297
env,-3.830805594620098
health,-3.6443775530215414
social,-3.6649158537283135
