Theme,Tone
conflict,-2.7687450998063654
eco,-2.851233639793857
env,-2.7392374492684755
health,-2.7340709239802865
social,-2.782532588302549
