Theme,Tone
conflict,-3.6676540194018705
eco,-3.7513847150666586
env,-3.7095423205370395
health,-3.6752528590828932
social,-3.6847161189102966
