Theme,Tone
conflict,-4.1431124782359845
eco,-4.023470752468839
env,-3.951607129092228
health,-3.9644507922888916
social,-4.189536938449762
